axis,k,reported,zone1,zone2,zone3,entropy_bits
k_dspd,8.0,False,95,36,13,1.209
k_dspd,10.0,False,47,81,16,1.346
k_dspd,12.18,True,26,91,27,1.317
k_dspd,14.0,False,17,71,56,1.397
k_dspd,16.0,False,7,59,78,1.219
k_dspd,20.0,False,0,32,112,0.764
k_dspd,25.0,False,0,12,132,0.414
k_ltbf,3.0,False,95,22,27,1.263
k_ltbf,4.0,False,87,28,29,1.364
k_ltbf,5.0,False,70,38,36,1.513
k_ltbf,6.0,False,59,39,46,1.564
k_ltbf,7.22,True,45,45,54,1.579
k_ltbf,8.0,False,40,49,55,1.573
k_ltbf,10.0,False,34,47,63,1.541
k_ltbf,12.0,False,27,35,82,1.411
k_qd,2.0,False,3,27,114,0.836
k_qd,3.0,False,4,73,67,1.154
k_qd,4.0,False,10,105,29,1.065
k_qd,4.35,True,11,108,25,1.033
k_qd,5.0,False,16,116,12,0.902
k_qd,6.0,False,24,113,7,0.917
