k_dspd,k_ltbf,k_qd,kruskal_H,kruskal_p,fallback_pct,django_delta,django_p,kubernetes_delta,kubernetes_p,numpy_delta,numpy_p,react_delta,react_p,rust_delta,rust_p,vscode_delta,vscode_p
8.0,5.0,3.0,36.4,7.897112039260475e-07,58.33,0.25,0.2718,-0.306,0.2371,0.5,0.0661,0.278,0.2832,0.75,0.0098,1.0,0.0006
8.0,5.0,4.35,48.39,2.951555550314354e-09,40.97,0.25,0.3785,-0.306,0.2367,0.403,0.1572,0.222,0.4349,0.75,0.0078,1.0,0.0004
8.0,5.0,6.0,64.79,1.2389060673647287e-12,32.64,0.25,0.3785,-0.375,0.1999,0.264,0.3667,0.222,0.4349,1.0,0.0004,1.0,0.0004
8.0,7.22,3.0,35.1,1.4361215684938022e-06,62.5,-0.125,0.5623,-0.306,0.2371,0.222,0.4546,0.028,0.9547,0.222,0.1976,1.0,0.0006
8.0,7.22,4.35,38.01,3.752763788778306e-07,46.53,-0.125,0.6578,-0.306,0.2367,0.306,0.2995,0.0,1.0,0.222,0.1967,1.0,0.0003
8.0,7.22,6.0,56.32,6.975335470416543e-11,38.19,-0.375,0.1604,-0.375,0.1999,0.417,0.1522,0.0,1.0,0.417,0.0605,1.0,0.0004
8.0,9.0,3.0,31.01,9.31489748861123e-06,61.11,-0.125,0.5623,-0.306,0.2371,0.083,0.8033,0.028,0.9547,0.0,,1.0,0.0006
8.0,9.0,4.35,31.38,7.875132582563118e-06,45.83,-0.125,0.6578,-0.306,0.2367,0.153,0.6204,-0.056,0.8769,0.0,,1.0,0.0003
8.0,9.0,6.0,52.41,4.4425677529577474e-10,36.81,-0.375,0.1604,-0.375,0.1999,0.236,0.4284,-0.056,0.8769,0.25,0.1442,1.0,0.0004
8.0,11.0,3.0,33.79,2.6274299394686497e-06,65.28,-0.222,0.1967,-0.306,0.2371,-0.181,0.5443,-0.167,0.534,0.0,,1.0,0.0005
8.0,11.0,4.35,28.09,3.4945512724194256e-05,52.78,-0.097,0.6625,-0.306,0.2367,-0.125,0.69,-0.222,0.4455,0.0,,1.0,0.0004
8.0,11.0,6.0,44.4,1.9254124678582884e-08,41.67,-0.139,0.6063,-0.375,0.1999,-0.083,0.8045,-0.222,0.4455,0.25,0.1442,1.0,0.0004
10.0,5.0,3.0,51.3,7.502540521364921e-10,46.53,-0.847,0.0018,-0.306,0.2367,0.111,0.7236,0.194,0.4804,0.667,0.0183,0.944,0.0011
10.0,5.0,4.35,53.04,3.297952857418191e-10,32.64,-0.431,0.1386,-0.306,0.2367,0.375,0.161,0.139,0.6411,0.625,0.0169,1.0,0.0004
10.0,5.0,6.0,68.66,1.9427216432098703e-13,22.92,-0.361,0.2198,-0.431,0.1391,0.375,0.1206,0.139,0.6411,0.75,0.0028,1.0,0.0004
10.0,7.22,3.0,59.36,1.650886891142501e-11,49.31,-0.361,0.186,-0.306,0.2367,-0.333,0.2553,-0.222,0.3904,-0.111,0.6749,0.944,0.0012
10.0,7.22,4.35,52.79,3.7229486220383073e-10,37.5,-0.431,0.1262,-0.306,0.2367,0.278,0.3219,-0.264,0.3356,-0.111,0.6749,1.0,0.0004
10.0,7.22,6.0,71.71,4.521808929658336e-14,28.47,-0.583,0.0396,-0.431,0.1391,0.5,0.0488,-0.264,0.3356,0.167,0.5523,1.0,0.0004
10.0,9.0,3.0,63.65,2.1331099410827046e-12,47.22,-0.361,0.186,-0.306,0.2367,-0.111,0.7283,-0.222,0.3904,-0.556,0.0176,0.944,0.0012
10.0,9.0,4.35,49.7,1.5966619817476909e-09,37.5,-0.431,0.1262,-0.306,0.2367,0.125,0.6896,-0.306,0.2656,-0.556,0.0176,1.0,0.0004
10.0,9.0,6.0,69.13,1.5554844206682833e-13,27.78,-0.694,0.0139,-0.431,0.1391,0.333,0.2308,-0.306,0.2656,-0.167,0.5473,1.0,0.0004
10.0,11.0,3.0,56.03,8.017080130152641e-11,54.17,-0.208,0.3644,-0.306,0.2367,-0.111,0.7252,-0.403,0.1116,-0.556,0.0176,0.944,0.0011
10.0,11.0,4.35,45.22,1.3065901961616917e-08,45.83,-0.194,0.4002,-0.306,0.2367,0.111,0.7318,-0.458,0.0969,-0.556,0.0176,1.0,0.0004
10.0,11.0,6.0,58.68,2.2756889719620125e-11,35.42,-0.375,0.1399,-0.431,0.1391,0.167,0.5876,-0.458,0.0969,-0.167,0.5473,1.0,0.0004
12.18,5.0,3.0,63.3,2.5254388078856056e-12,36.11,-0.486,0.085,-0.236,0.3888,-0.278,0.3513,0.056,0.8831,0.333,0.1939,0.944,0.001
12.18,5.0,4.35,64.15,1.6849126224690408e-12,26.39,-0.667,0.0137,-0.208,0.4508,-0.111,0.7154,-0.097,0.7687,0.333,0.1939,1.0,0.0002
12.18,5.0,6.0,75.79,6.3749662643626574e-15,15.28,-0.444,0.0807,-0.361,0.2221,-0.194,0.4838,-0.014,1.0,0.444,0.0632,1.0,0.0003
12.18,7.22,3.0,76.82,3.871468659402706e-15,37.5,0.0,1.0,-0.236,0.3888,-0.444,0.1262,-0.417,0.1456,-0.458,0.0907,0.944,0.001
12.18,7.22,4.35,78.23,1.9687961773226446e-15,29.17,-0.056,0.8817,-0.208,0.4508,-0.139,0.6278,-0.556,0.0536,-0.458,0.0907,1.0,0.0002
12.18,7.22,6.0,88.22,1.592364842743461e-17,20.83,-0.25,0.3998,-0.361,0.2221,-0.222,0.3984,-0.528,0.067,-0.264,0.3247,1.0,0.0002
12.18,9.0,3.0,78.38,1.8299532575457037e-15,36.81,0.0,1.0,-0.236,0.3888,-0.139,0.6498,-0.472,0.0977,-0.875,0.0005,0.944,0.001
12.18,9.0,4.35,77.43,2.894214439431358e-15,29.17,-0.056,0.8817,-0.208,0.4508,-0.014,1.0,-0.597,0.0383,-0.875,0.0005,1.0,0.0002
12.18,9.0,6.0,87.42,2.338651293835031e-17,20.14,-0.25,0.3998,-0.361,0.2221,0.056,0.8462,-0.569,0.0484,-0.625,0.0074,1.0,0.0002
12.18,11.0,3.0,66.93,4.459213880684213e-13,43.75,0.097,0.7192,-0.236,0.3888,-0.042,0.9198,-0.556,0.0512,-0.875,0.0005,0.944,0.0011
12.18,11.0,4.35,66.1,6.613710360118357e-13,36.81,0.222,0.398,-0.208,0.4508,0.111,0.7144,-0.667,0.0214,-0.875,0.0005,1.0,0.0003
12.18,11.0,6.0,76.1,5.469906701633179e-15,26.39,0.153,0.5898,-0.361,0.2221,0.181,0.5177,-0.639,0.0276,-0.625,0.0074,1.0,0.0003
14.0,5.0,3.0,68.38,2.225034286823212e-13,28.47,-0.361,0.2053,-0.028,0.9583,-0.264,0.3776,-0.181,0.5586,0.333,0.1946,0.944,0.0011
14.0,5.0,4.35,70.0,1.0252791523764241e-13,20.83,-0.667,0.0107,-0.056,0.8755,-0.139,0.6382,-0.236,0.4346,0.333,0.1946,1.0,0.0003
14.0,5.0,6.0,78.08,2.1153594507334417e-15,9.72,-0.333,0.1693,-0.153,0.624,-0.069,0.8289,-0.347,0.2382,0.583,0.0199,1.0,0.0003
14.0,7.22,3.0,79.41,1.1129542781829669e-15,31.94,0.181,0.5391,-0.028,0.9583,-0.292,0.3219,-0.5,0.0802,-0.264,0.3247,0.944,0.0009
14.0,7.22,4.35,83.46,1.585458088726722e-16,24.31,0.278,0.3355,-0.056,0.8755,0.056,0.8715,-0.569,0.0493,-0.264,0.3247,1.0,0.0002
14.0,7.22,6.0,93.26,1.3882018934200708e-18,14.58,0.208,0.4705,-0.153,0.624,0.139,0.6124,-0.722,0.0114,0.028,0.9484,1.0,0.0002
14.0,9.0,3.0,79.33,1.1572531952441253e-15,34.03,0.181,0.5391,-0.028,0.9583,0.236,0.4128,-0.5,0.0802,-0.625,0.0074,0.944,0.001
14.0,9.0,4.35,83.21,1.784245837130192e-16,24.31,0.278,0.3355,-0.056,0.8755,0.403,0.1119,-0.583,0.0446,-0.625,0.0074,1.0,0.0002
14.0,9.0,6.0,93.81,1.0602393137575842e-18,14.58,0.208,0.4705,-0.153,0.624,0.417,0.0605,-0.722,0.0115,-0.25,0.1434,1.0,0.0003
14.0,11.0,3.0,66.28,6.076116982698519e-13,38.89,0.431,0.1045,-0.028,0.9583,0.292,0.3123,-0.569,0.046,-0.625,0.0074,0.944,0.0011
14.0,11.0,4.35,69.14,1.5503829035046084e-13,29.86,0.556,0.0409,-0.056,0.8755,0.5,0.0661,-0.639,0.0282,-0.625,0.0074,1.0,0.0003
14.0,11.0,6.0,79.69,9.750134841812762e-16,19.44,0.542,0.046,-0.153,0.624,0.444,0.0939,-0.764,0.0079,-0.25,0.1434,1.0,0.0003
16.0,5.0,3.0,82.4,2.6395892789469137e-16,20.83,-0.389,0.1845,0.083,0.7981,0.014,1.0,-0.236,0.4343,0.694,0.0081,0.833,0.0044
16.0,5.0,4.35,87.94,1.8182577722756892e-17,14.58,-0.625,0.0244,0.25,0.3904,0.083,0.8076,-0.167,0.5834,0.694,0.0081,0.903,0.0011
16.0,5.0,6.0,80.51,6.550135382053153e-16,4.86,-0.319,0.2356,0.139,0.6611,0.153,0.6262,-0.319,0.2683,0.694,0.0081,1.0,0.0004
16.0,7.22,3.0,86.66,3.372458864820256e-17,23.61,0.222,0.447,0.083,0.7981,0.278,0.3535,-0.389,0.1803,-0.069,0.8106,0.944,0.0009
16.0,7.22,4.35,88.55,1.357249375500689e-17,17.36,0.319,0.267,0.25,0.3904,0.472,0.0997,-0.5,0.0804,-0.069,0.8106,1.0,0.0002
16.0,7.22,6.0,94.99,5.987859296770482e-19,9.72,0.25,0.3832,0.139,0.6611,0.472,0.0999,-0.694,0.0132,0.222,0.3322,1.0,0.0002
16.0,9.0,3.0,82.22,2.879250789344395e-16,25.0,0.222,0.447,0.083,0.7981,0.639,0.0273,-0.306,0.2989,-0.375,0.0586,0.944,0.001
16.0,9.0,4.35,85.75,5.24678850179363e-17,17.36,0.375,0.1958,0.25,0.3904,0.792,0.0044,-0.556,0.0537,-0.375,0.0586,1.0,0.0002
16.0,9.0,6.0,93.89,1.0242588182321139e-18,9.72,0.319,0.2683,0.139,0.6611,0.75,0.0058,-0.736,0.0095,0.0,1.0,1.0,0.0003
16.0,11.0,3.0,63.43,2.3680869845805817e-12,29.86,0.5,0.0665,0.083,0.7981,0.583,0.0459,-0.375,0.1993,-0.375,0.0586,0.944,0.0011
16.0,11.0,4.35,65.82,7.558854072170196e-13,19.44,0.625,0.0266,0.25,0.3904,0.681,0.0179,-0.611,0.0346,-0.375,0.0586,1.0,0.0004
16.0,11.0,6.0,75.06,9.024445408502895e-15,11.11,0.639,0.0246,0.139,0.6611,0.667,0.0188,-0.778,0.0066,0.0,1.0,1.0,0.0004
