project_id,quarter,n_prs,median_cycle_days,first_time_merge_rate,churn_ratio,share_under_1h,share_from_fork,share_self_merged,share_no_review,n_bot_prs,pre_ai_mean_prs,dspd,ltbf,qd,phs,state,fallback,era
django,2019Q1,239,0.8613310185185186,0.7824267782426778,0.5117758054371375,0.06694560669456066,0.99581589958159,0.2594142259414226,0.41841004184100417,0,247.5,11.79,6.17,3.5,60.0,Sustainable,False,pre
django,2019Q2,222,1.531903935185185,0.7207207207207207,0.501528384279476,0.11711711711711711,0.990990990990991,0.18018018018018017,0.3333333333333333,0,247.5,10.95,10.97,3.29,50.0,Sustainable,True,pre
django,2019Q3,199,1.484849537037037,0.7939698492462312,0.4562679229823843,0.07537688442211055,1.0,0.19095477386934673,0.3015075376884422,0,247.5,9.82,10.63,3.98,50.0,Sustainable,True,pre
django,2019Q4,272,1.448443287037037,0.7757352941176471,0.6154131331386996,0.09558823529411764,0.9816176470588235,0.15073529411764705,0.26838235294117646,0,247.5,13.42,10.37,2.88,50.0,Sustainable,True,pre
django,2020Q1,261,0.9661111111111111,0.7969348659003831,0.902886431076342,0.09195402298850575,0.9923371647509579,0.25287356321839083,0.2950191570881226,0,247.5,12.88,6.92,2.02,60.0,Sustainable,False,pre
django,2020Q2,334,1.4820543981481482,0.7874251497005988,0.49656654168597547,0.06287425149700598,0.9970059880239521,0.20359281437125748,0.23652694610778444,0,247.5,16.48,10.61,3.63,35.0,At Risk,False,pre
django,2020Q3,232,0.9718460648148148,0.7844827586206896,0.2339138848572811,0.08189655172413793,1.0,0.23275862068965517,0.27155172413793105,0,247.5,11.45,6.96,7.67,72.5,High Performance,False,pre
django,2020Q4,221,1.0597106481481482,0.8099547511312217,0.45109847217575555,0.04524886877828054,0.9909502262443439,0.19004524886877827,0.2171945701357466,0,247.5,10.9,7.59,4.11,60.0,Sustainable,False,pre
django,2021Q1,255,0.9110763888888889,0.7764705882352941,0.5604138851802403,0.054901960784313725,0.9921568627450981,0.21568627450980393,0.24313725490196078,0,247.5,12.58,6.52,3.17,60.0,Sustainable,False,transition
django,2021Q2,226,0.9466666666666667,0.8053097345132744,0.5394596370206126,0.07079646017699115,0.9911504424778761,0.25663716814159293,0.2831858407079646,0,247.5,11.15,6.78,3.42,60.0,Sustainable,False,transition
django,2021Q3,232,1.5328240740740742,0.7586206896551724,0.4513726635514019,0.05172413793103448,0.9913793103448276,0.23275862068965517,0.16810344827586207,0,247.5,11.45,10.98,3.85,50.0,Sustainable,True,transition
django,2021Q4,224,1.0138831018518517,0.8214285714285714,0.5169099506578947,0.07142857142857142,1.0,0.27232142857142855,0.24107142857142858,0,247.5,11.05,7.26,3.64,60.0,Sustainable,False,transition
django,2022Q1,225,0.9071412037037037,0.7866666666666666,0.6573704408397562,0.04888888888888889,0.9955555555555555,0.29777777777777775,0.25333333333333335,0,247.5,11.1,6.5,2.74,60.0,Sustainable,False,transition
django,2022Q2,184,1.012945601851852,0.8315217391304348,0.37559368033343027,0.04891304347826087,0.9891304347826086,0.32065217391304346,0.20652173913043478,0,247.5,9.08,7.25,5.07,72.5,High Performance,False,transition
django,2022Q3,196,0.8321122685185185,0.8469387755102041,0.4164872346970163,0.12244897959183673,1.0,0.33163265306122447,0.25510204081632654,0,247.5,9.67,5.96,4.65,55.36,Sustainable,False,transition
django,2022Q4,185,0.9137037037037037,0.7351351351351352,0.48885269266008347,0.0972972972972973,1.0,0.3621621621621622,0.16756756756756758,0,247.5,9.13,6.54,3.44,50.2,Sustainable,False,ai
django,2023Q1,198,0.6839409722222223,0.8181818181818182,0.7588316558121176,0.11616161616161616,1.0,0.3282828282828283,0.15656565656565657,0,247.5,9.77,4.9,2.47,56.45,Sustainable,False,ai
django,2023Q2,185,0.728761574074074,0.8540540540540541,0.3821018685383667,0.08108108108108109,1.0,0.34054054054054056,0.11891891891891893,0,247.5,9.13,5.22,5.11,72.5,High Performance,False,ai
django,2023Q3,183,0.7334259259259259,0.8032786885245902,0.6976677224301756,0.12021857923497267,1.0,0.366120218579235,0.11475409836065574,0,247.5,9.03,5.25,2.63,49.09,Sustainable,False,ai
django,2023Q4,205,0.5948263888888888,0.8439024390243902,0.2954374602440294,0.04878048780487805,1.0,0.2926829268292683,0.17560975609756097,0,247.5,10.11,4.26,6.54,72.5,High Performance,False,ai
django,2024Q1,225,0.9288541666666666,0.7955555555555556,0.41171610344542675,0.057777777777777775,1.0,0.26222222222222225,0.15555555555555556,0,247.5,11.1,6.65,4.42,60.0,Sustainable,False,ai
django,2024Q2,149,1.7681828703703704,0.697986577181208,0.38125802310654683,0.04697986577181208,1.0,0.2080536912751678,0.040268456375838924,0,247.5,7.35,12.66,4.19,50.0,Sustainable,True,ai
django,2024Q3,176,3.346267361111111,0.6306818181818182,0.43149284253578735,0.028409090909090908,1.0,0.2159090909090909,0.05113636363636364,0,247.5,8.68,23.96,3.34,50.0,Sustainable,True,ai
django,2024Q4,202,3.5171412037037038,0.6237623762376238,0.23533433611377,0.024752475247524754,1.0,0.11386138613861387,0.034653465346534656,0,247.5,9.97,25.18,6.07,50.0,Sustainable,True,ai
kubernetes,2019Q1,1650,4.341915509259259,0.6054545454545455,1.3743469895421834,0.0,0.9981818181818182,0.0,0.3490909090909091,0,1425.62,14.13,30.0,1.01,34.03,At Risk,False,pre
kubernetes,2019Q2,1724,4.258246527777778,0.6194895591647331,2.180631815987497,0.0,0.9988399071925754,0.000580046403712297,0.31612529002320183,0,1425.62,14.77,30.0,0.65,28.72,At Risk,False,pre
kubernetes,2019Q3,1717,4.238379629629629,0.5946418171228888,0.44347780935534453,0.0,0.9994175888177053,0.0,0.29819452533488644,1,1425.62,14.71,30.0,3.07,35.0,At Risk,False,pre
kubernetes,2019Q4,1560,3.6393229166666665,0.6346153846153846,0.7620501986359566,0.0,1.0,0.0,0.32051282051282054,0,1425.62,13.36,26.06,1.91,50.0,Sustainable,True,pre
kubernetes,2020Q1,1371,3.618564814814815,0.6192560175054704,0.297792568173757,0.0,0.9992706053975201,0.0,0.3574033552151714,0,1425.62,11.74,25.91,4.76,50.0,Sustainable,True,pre
kubernetes,2020Q2,1295,5.126585648148148,0.5845559845559846,0.8718226820179098,0.0007722007722007722,0.9969111969111969,0.0,0.3104247104247104,0,1425.62,11.09,30.0,1.53,50.0,Sustainable,True,pre
kubernetes,2020Q3,1090,7.363640046296297,0.48073394495412847,0.6245575085428986,0.0027522935779816515,1.0,0.0,0.29724770642201837,0,1425.62,9.34,30.0,1.76,50.0,Sustainable,True,pre
kubernetes,2020Q4,998,6.9305208333333335,0.5020040080160321,0.49654579449456143,0.01002004008016032,1.0,0.0,0.24649298597194388,0,1425.62,8.55,30.0,2.31,50.0,Sustainable,True,pre
kubernetes,2021Q1,1421,5.6618865740740745,0.5503166783954961,0.7805210095367617,0.009148486980999296,1.0,0.0,0.2498240675580577,0,1425.62,12.17,30.0,1.61,50.0,Sustainable,True,transition
kubernetes,2021Q2,1283,7.012650462962963,0.49883086515978176,0.8901812029975813,0.001558846453624318,1.0,0.0,0.2899454403741232,0,1425.62,10.99,30.0,1.28,35.0,At Risk,False,transition
kubernetes,2021Q3,921,6.307696759259259,0.5200868621064061,0.684433508077458,0.0010857763300760044,1.0,0.0,0.255157437567861,0,1425.62,7.89,30.0,1.74,50.0,Sustainable,True,transition
kubernetes,2021Q4,854,6.588987268518519,0.5187353629976581,0.6401191490560324,0.00351288056206089,1.0,0.0,0.24121779859484777,0,1425.62,7.31,30.0,1.85,50.0,Sustainable,True,transition
kubernetes,2022Q1,1022,7.240081018518518,0.49706457925636005,0.7214508500296974,0.0,1.0,0.0,0.2583170254403131,0,1425.62,8.75,30.0,1.58,50.0,Sustainable,True,transition
kubernetes,2022Q2,668,6.684508101851852,0.5074850299401198,0.9782517601072218,0.0014970059880239522,1.0,0.0,0.2904191616766467,0,1425.62,5.72,30.0,1.19,10.92,Critical Risk,False,transition
kubernetes,2022Q3,878,5.2932349537037044,0.5626423690205011,1.3250062240789882,0.0011389521640091116,1.0,0.002277904328018223,0.29954441913439633,0,1425.62,7.52,30.0,0.97,10.75,Critical Risk,False,transition
kubernetes,2022Q4,901,5.167777777777777,0.5493895671476138,0.48587633781051176,0.0,1.0,0.0,0.2885682574916759,0,1425.62,7.72,30.0,2.59,50.0,Sustainable,True,ai
kubernetes,2023Q1,1099,5.096331018518518,0.554140127388535,1.2643887545160588,0.0009099181073703367,1.0,0.0,0.2902638762511374,0,1425.62,9.41,30.0,1.0,29.59,At Risk,False,ai
kubernetes,2023Q2,899,6.179224537037037,0.5272525027808677,0.5642602810293827,0.013348164627363738,1.0,0.0,0.26028921023359286,0,1425.62,7.7,30.0,2.14,50.0,Sustainable,True,ai
kubernetes,2023Q3,897,6.601041666666666,0.5094760312151616,0.4116612279212836,0.006688963210702341,1.0,0.0,0.19843924191750278,0,1425.62,7.68,30.0,2.83,50.0,Sustainable,True,ai
kubernetes,2023Q4,766,8.221261574074074,0.4765013054830287,0.5924478416587375,0.0,0.9986945169712794,0.0,0.21148825065274152,0,1425.62,6.56,30.0,1.84,50.0,Sustainable,True,ai
kubernetes,2024Q1,708,4.387766203703704,0.5677966101694916,2.3058154955164687,0.005649717514124294,1.0,0.0,0.2655367231638418,0,1425.62,6.06,30.0,0.56,9.85,Critical Risk,False,ai
kubernetes,2024Q2,788,6.085162037037037,0.5177664974619289,3.4133040066270737,0.0,1.0,0.0,0.25253807106598986,0,1425.62,6.75,30.0,0.35,10.26,Critical Risk,False,ai
kubernetes,2024Q3,865,4.367118055555555,0.5757225433526012,0.8510291939266758,0.0011560693641618498,1.0,0.0,0.2092485549132948,0,1425.62,7.41,30.0,1.55,50.0,Sustainable,True,ai
kubernetes,2024Q4,757,6.75244212962963,0.5085865257595773,1.1821170282708744,0.0,1.0,0.0,0.21532364597093792,0,1425.62,6.48,30.0,0.98,10.1,Critical Risk,False,ai
numpy,2019Q1,260,0.6715914351851852,0.7961538461538461,0.49172008547008544,0.05,1.0,0.25384615384615383,0.5038461538461538,0,312.5,10.16,4.81,3.71,60.0,Sustainable,False,pre
numpy,2019Q2,301,1.1555787037037037,0.7441860465116279,0.5052865734765056,0.08305647840531562,1.0,0.15282392026578073,0.3787375415282392,0,312.5,11.76,8.27,3.37,60.0,Sustainable,False,pre
numpy,2019Q3,353,0.572488425925926,0.8073654390934845,0.42012556679455876,0.06232294617563739,0.9915014164305949,0.254957507082153,0.5977337110481586,2,312.5,13.79,4.1,4.4,60.0,Sustainable,False,pre
numpy,2019Q4,231,0.7799768518518518,0.7922077922077922,0.5926887864424388,0.0735930735930736,0.9523809523809523,0.21212121212121213,0.49783549783549785,10,312.5,9.03,5.58,3.06,49.09,Sustainable,False,pre
numpy,2020Q1,298,0.8185243055555556,0.8154362416107382,0.7190951898957004,0.07046979865771812,0.9731543624161074,0.10738255033557047,0.348993288590604,8,312.5,11.64,5.86,2.59,60.0,Sustainable,False,pre
numpy,2020Q2,364,0.7386689814814815,0.7967032967032966,0.2556120059092711,0.06868131868131869,0.9505494505494505,0.16483516483516483,0.41208791208791207,17,312.5,14.22,5.29,7.13,72.5,High Performance,False,pre
numpy,2020Q3,316,0.8234953703703703,0.7753164556962026,0.922688724319159,0.06962025316455696,0.9462025316455697,0.14240506329113925,0.37658227848101267,17,312.5,12.35,5.9,1.92,60.0,Sustainable,False,pre
numpy,2020Q4,377,0.5096296296296297,0.8037135278514589,0.3071843577814463,0.09018567639257294,0.9496021220159151,0.1883289124668435,0.4854111405835544,19,312.5,14.73,3.65,5.99,85.45,Elite AI Maturity,False,pre
numpy,2021Q1,322,0.43934606481481486,0.8354037267080745,0.38082966462650775,0.07763975155279502,0.9099378881987578,0.17701863354037267,0.562111801242236,27,312.5,12.58,3.15,5.02,50.0,Sustainable,True,transition
numpy,2021Q2,341,0.3747337962962963,0.9002932551319648,0.4262613794167567,0.10263929618768329,0.9325513196480938,0.19648093841642228,0.5542521994134897,21,312.5,13.32,2.68,4.83,60.0,Sustainable,False,transition
numpy,2021Q3,308,0.4890509259259259,0.8571428571428571,0.22048465053364347,0.1038961038961039,0.9253246753246753,0.14285714285714285,0.5909090909090909,21,312.5,12.03,3.5,8.9,50.0,Sustainable,True,transition
numpy,2021Q4,359,0.422962962962963,0.8356545961002786,0.4601039260969977,0.03899721448467967,0.9749303621169917,0.233983286908078,0.5682451253481894,8,312.5,14.03,3.03,4.16,60.1,Sustainable,False,transition
numpy,2022Q1,298,0.3970775462962963,0.8422818791946308,0.4005728765010466,0.07046979865771812,1.0,0.24496644295302014,0.5604026845637584,0,312.5,11.64,2.84,4.81,60.0,Sustainable,False,transition
numpy,2022Q2,304,0.5506539351851851,0.7894736842105263,0.3718609496655335,0.05263157894736842,0.9967105263157895,0.24013157894736842,0.5657894736842105,0,312.5,11.88,3.94,4.86,60.0,Sustainable,False,transition
numpy,2022Q3,206,0.6985185185185185,0.7961165048543689,0.4987850108709554,0.07281553398058252,0.9951456310679612,0.2087378640776699,0.5097087378640777,0,312.5,8.05,5.0,3.65,35.99,At Risk,False,transition
numpy,2022Q4,292,0.3903240740740741,0.8767123287671232,0.39905432153067955,0.0684931506849315,1.0,0.2808219178082192,0.6061643835616438,0,312.5,11.41,2.79,5.03,50.0,Sustainable,True,ai
numpy,2023Q1,269,0.4454513888888889,0.8141263940520446,0.7444654088050314,0.07434944237918216,0.9405204460966543,0.12639405204460966,0.4721189591078067,16,312.5,10.51,3.19,2.5,60.0,Sustainable,False,ai
numpy,2023Q2,296,0.33147569444444447,0.8108108108108109,0.7663493590845046,0.05405405405405406,0.9155405405405406,0.20270270270270271,0.5641891891891891,25,312.5,11.57,2.37,2.42,60.0,Sustainable,False,ai
numpy,2023Q3,379,0.2795486111111111,0.8707124010554089,0.974979896611143,0.10290237467018469,0.9498680738786279,0.2638522427440633,0.5804749340369393,19,312.5,14.81,2.0,2.04,62.92,Sustainable,False,ai
numpy,2023Q4,371,0.8404976851851852,0.7789757412398922,0.6663469936464987,0.07816711590296496,0.9487870619946092,0.21293800539083557,0.49056603773584906,19,312.5,14.5,6.02,2.68,60.0,Sustainable,False,ai
numpy,2024Q1,366,0.2949537037037037,0.8306010928961749,0.7541680761610207,0.10655737704918032,0.9316939890710383,0.23770491803278687,0.4644808743169399,23,312.5,14.3,2.11,2.52,60.94,Sustainable,False,ai
numpy,2024Q2,316,0.38321180555555556,0.8607594936708861,0.4742168674698795,0.09177215189873418,0.9367088607594937,0.2848101265822785,0.5791139240506329,20,312.5,12.35,2.74,4.15,60.0,Sustainable,False,ai
numpy,2024Q3,389,0.46145833333333336,0.7994858611825193,0.5043682518750515,0.10539845758354756,0.9203084832904884,0.23393316195372751,0.6041131105398457,31,312.5,15.2,3.3,3.63,65.12,Sustainable,False,ai
numpy,2024Q4,317,0.19909722222222223,0.8832807570977917,0.5068019787574567,0.12302839116719243,0.8958990536277602,0.28391167192429023,0.6277602523659306,33,312.5,12.39,1.43,3.99,60.0,Sustainable,False,ai
react,2019Q1,196,0.3291319444444445,0.8775510204081632,0.6204049286773352,0.28061224489795916,0.9693877551020408,0.7704081632653061,0.1326530612244898,0,245.12,9.76,2.36,3.24,60.0,Sustainable,False,pre
react,2019Q2,287,0.23141203703703703,0.9024390243902439,0.5186099745858943,0.2787456445993031,0.9790940766550522,0.8466898954703833,0.07665505226480836,0,245.12,14.3,1.66,3.98,60.94,Sustainable,False,pre
react,2019Q3,301,0.205,0.9136212624584718,0.26770680266228714,0.31893687707641194,0.9767441860465116,0.8006644518272426,0.05647840531561462,0,245.12,14.99,1.47,7.81,85.61,Elite AI Maturity,False,pre
react,2019Q4,188,0.15741319444444446,0.9202127659574468,0.5324070419199495,0.34574468085106386,0.9574468085106383,0.824468085106383,0.11170212765957446,5,245.12,9.36,1.13,3.96,60.0,Sustainable,False,pre
react,2020Q1,288,0.2446875,0.8680555555555556,0.7718528152603913,0.3263888888888889,0.9791666666666666,0.7986111111111112,0.09375,0,245.12,14.35,1.75,2.57,61.11,Sustainable,False,pre
react,2020Q2,292,0.21087962962962964,0.8732876712328768,0.40987683309496875,0.3253424657534247,0.9383561643835616,0.773972602739726,0.14383561643835616,4,245.12,14.54,1.51,4.88,75.41,High Performance,False,pre
react,2020Q3,254,0.3111689814814815,0.8818897637795275,0.8616211809464653,0.2992125984251969,0.9803149606299213,0.6968503937007874,0.09055118110236221,0,245.12,12.65,2.23,2.34,60.0,Sustainable,False,pre
react,2020Q4,155,0.20475694444444445,0.9032258064516129,0.344061080506427,0.3161290322580645,0.9806451612903225,0.7612903225806451,0.14193548387096774,0,245.12,7.72,1.47,6.01,50.0,Sustainable,True,pre
react,2021Q1,213,0.4456365740740741,0.8873239436619719,0.686626248216833,0.26291079812206575,0.9812206572769953,0.8685446009389671,0.0892018779342723,0,245.12,10.61,3.19,2.96,60.0,Sustainable,False,transition
react,2021Q2,214,0.1459490740740741,0.8738317757009346,0.7272377151059993,0.37383177570093457,0.985981308411215,0.8551401869158879,0.2523364485981308,2,245.12,10.66,1.04,2.75,60.0,Sustainable,False,transition
react,2021Q3,253,0.15309027777777778,0.8695652173913043,0.44986272307500313,0.34782608695652173,0.9802371541501976,0.7430830039525692,0.18181818181818182,1,245.12,12.6,1.1,4.42,60.0,Sustainable,False,transition
react,2021Q4,147,0.462337962962963,0.8367346938775511,0.35457375064845237,0.32653061224489793,1.0,0.6870748299319728,0.16326530612244897,0,245.12,7.32,3.31,5.4,50.0,Sustainable,True,transition
react,2022Q1,148,0.11537615740740742,0.8783783783783784,0.752473776483523,0.3310810810810811,0.9662162162162162,0.8378378378378378,0.1891891891891892,0,245.12,7.37,0.83,2.67,50.0,Sustainable,True,transition
react,2022Q2,180,0.17338541666666668,0.9,0.3979626485568761,0.2388888888888889,0.9888888888888889,0.8611111111111112,0.1111111111111111,0,245.12,8.97,1.24,5.18,50.0,Sustainable,True,transition
react,2022Q3,164,0.8507349537037037,0.7865853658536586,0.6071026703625436,0.17073170731707318,0.823170731707317,0.7621951219512195,0.21951219512195122,15,245.12,8.17,6.09,2.96,37.88,At Risk,False,transition
react,2022Q4,181,0.46274305555555556,0.850828729281768,25.99365908243193,0.281767955801105,0.6850828729281768,0.8397790055248618,0.20441988950276244,20,245.12,9.02,3.31,0.07,50.0,Sustainable,True,ai
react,2023Q1,252,0.23336805555555556,0.8809523809523809,1.1579239572326594,0.2857142857142857,0.9484126984126984,0.8293650793650794,0.12301587301587301,0,245.12,12.55,1.67,1.74,60.0,Sustainable,False,ai
react,2023Q2,177,0.5884027777777778,0.864406779661017,0.6960207439912237,0.2824858757062147,0.9491525423728814,0.903954802259887,0.14689265536723164,0,245.12,8.82,4.21,2.84,53.51,Sustainable,False,ai
react,2023Q3,126,0.645324074074074,0.8412698412698413,0.5021771231683768,0.24603174603174602,0.9603174603174603,0.9206349206349206,0.14285714285714285,0,245.12,6.28,4.62,3.83,35.0,At Risk,False,ai
react,2023Q4,141,0.6686805555555555,0.8652482269503546,0.528218966846569,0.28368794326241137,0.8156028368794326,0.7588652482269503,0.19858156028368795,17,245.12,7.02,4.79,3.75,35.0,At Risk,False,ai
react,2024Q1,445,0.932488425925926,0.8719101123595505,0.7878517905722513,0.15730337078651685,0.8382022471910112,0.8966292134831461,0.0651685393258427,10,245.12,22.17,6.68,2.53,60.0,Sustainable,False,ai
react,2024Q2,483,0.7651041666666667,0.906832298136646,0.07785763503426099,0.2153209109730849,0.7204968944099379,0.8778467908902692,0.11801242236024845,10,245.12,24.06,5.48,10.0,50.0,Sustainable,True,ai
react,2024Q3,526,0.706238425925926,0.9106463878326996,0.5863248453857582,0.19771863117870722,0.5475285171102662,0.9448669201520913,0.15399239543726237,5,245.12,26.2,5.06,3.55,60.0,Sustainable,False,ai
react,2024Q4,310,0.3509027777777778,0.8838709677419355,0.5617798391187767,0.2903225806451613,0.6709677419354839,0.8870967741935484,0.18064516129032257,2,245.12,15.44,2.51,3.6,67.13,High Performance,False,ai
rust,2019Q1,1130,3.363582175925926,0.6761061946902654,0.8161067324711865,0.0,0.9946902654867257,0.0,0.5610619469026549,0,1371.88,10.06,24.08,1.9,50.0,Sustainable,True,pre
rust,2019Q2,1155,1.772037037037037,0.7844155844155845,0.7555728792487632,0.0,0.9939393939393939,0.004329004329004329,0.5619047619047619,0,1371.88,10.28,12.69,2.38,50.0,Sustainable,True,pre
rust,2019Q3,1264,1.8347569444444445,0.7610759493670886,0.7097932722327689,0.0,0.9920886075949367,0.0,0.5569620253164557,0,1371.88,11.25,13.14,2.45,50.0,Sustainable,True,pre
rust,2019Q4,1352,2.208096064814815,0.757396449704142,0.8532035413338537,0.0,0.9948224852071006,0.0,0.48150887573964496,0,1371.88,12.03,15.81,2.03,50.0,Sustainable,True,pre
rust,2020Q1,1388,1.764809027777778,0.7507204610951008,0.6617246478325162,0.0007204610951008645,0.9978386167146974,0.0,0.5446685878962536,0,1371.88,12.35,12.64,2.6,50.0,Sustainable,True,pre
rust,2020Q2,1521,1.9468518518518518,0.7534516765285996,0.3429702574145878,0.0,0.9947403024326101,0.0,0.5430637738330046,0,1371.88,13.54,13.94,5.03,50.0,Sustainable,True,pre
rust,2020Q3,1672,2.1917708333333334,0.7559808612440191,0.5873307183046095,0.0,0.9922248803827751,0.0,0.458133971291866,0,1371.88,14.88,15.69,2.95,35.0,At Risk,False,pre
rust,2020Q4,1493,2.2518402777777777,0.725385130609511,0.5986283275430415,0.0,0.9946416610850636,0.0,0.4842598794373744,0,1371.88,13.29,16.12,2.77,50.0,Sustainable,True,pre
rust,2021Q1,1502,2.5271469907407407,0.6844207723035952,0.5914279920740232,0.0,0.9953395472703063,0.0,0.4973368841544607,0,1371.88,13.37,18.09,2.65,50.0,Sustainable,True,transition
rust,2021Q2,1301,2.020613425925926,0.7194465795541891,0.6190474301873173,0.0,0.9923136049192929,0.0,0.5065334358186011,0,1371.88,11.58,14.47,2.66,50.0,Sustainable,True,transition
rust,2021Q3,1293,2.8706944444444447,0.6921887084300077,0.4841112854545697,0.0,0.9961330239752514,0.0,0.47873163186388246,0,1371.88,11.51,20.55,3.27,50.0,Sustainable,True,transition
rust,2021Q4,1385,2.244050925925926,0.7241877256317689,0.46659393888778694,0.0,0.9963898916967509,0.0,0.5227436823104693,0,1371.88,12.33,16.07,3.55,50.0,Sustainable,True,transition
rust,2022Q1,1501,2.3215856481481483,0.6908727514990006,0.5715398720719015,0.0,0.9960026648900733,0.0,0.5369753497668222,0,1371.88,13.36,16.62,2.77,50.0,Sustainable,True,transition
rust,2022Q2,1629,1.7549074074074074,0.7384898710865562,0.6261770644087035,0.0,0.9969306322897483,0.0,0.5156537753222836,0,1371.88,14.5,12.57,2.7,35.0,At Risk,False,transition
rust,2022Q3,1930,1.897685185185185,0.7455958549222798,0.282705805646537,0.0,0.9932642487046632,0.002072538860103627,0.49948186528497407,0,1371.88,17.18,13.59,6.04,50.0,Sustainable,True,transition
rust,2022Q4,1978,1.6840277777777777,0.749747219413549,0.5912503874812,0.0,0.9984833164812943,0.0,0.5222446916076845,2,1371.88,17.6,12.06,2.9,35.0,At Risk,False,ai
rust,2023Q1,1831,1.8836921296296296,0.7318405243036592,0.5259475561478462,0.0,0.9983615510649918,0.0,0.4811578372474058,7,1371.88,16.3,13.49,3.18,35.0,At Risk,False,ai
rust,2023Q2,1743,1.7444791666666666,0.7263339070567987,0.5639451171880316,0.0,0.9994262765347103,0.0,0.47733792312105566,4,1371.88,15.51,12.49,2.95,35.0,At Risk,False,ai
rust,2023Q3,1680,1.4420486111111113,0.7386904761904762,0.5771324972835385,0.0,1.0,0.0005952380952380953,0.4738095238095238,5,1371.88,14.95,10.33,2.93,35.0,At Risk,False,ai
rust,2023Q4,1699,1.402986111111111,0.7404355503237199,0.5835348664157639,0.0,0.9988228369629194,0.0,0.4720423778693349,6,1371.88,15.12,10.05,2.9,35.0,At Risk,False,ai
rust,2024Q1,2106,1.7295023148148148,0.7350427350427351,0.5437927038427665,0.0,0.9985754985754985,0.0,0.4577397910731244,10,1371.88,18.74,12.38,3.09,35.0,At Risk,False,ai
rust,2024Q2,2108,1.273252314814815,0.7699240986717267,0.552027025405897,0.0,0.9976280834914611,0.0,0.4473434535104364,11,1371.88,18.76,9.12,3.19,58.29,Sustainable,False,ai
rust,2024Q3,2001,1.5736805555555555,0.7461269365317341,0.6283959425504855,0.0,0.9995002498750625,0.0,0.4332833583208396,7,1371.88,17.81,11.27,2.72,35.0,At Risk,False,ai
rust,2024Q4,2051,1.1375925925925925,0.7869332033154559,0.535196053959846,0.0,0.9990248659190639,0.0,0.42759629449049247,8,1371.88,18.25,8.15,3.36,60.0,Sustainable,False,ai
vscode,2019Q1,324,0.9002314814814815,0.7623456790123457,0.6517841499737196,0.21604938271604937,0.5,0.4783950617283951,0.44753086419753085,0,368.62,10.73,6.45,2.68,60.0,Sustainable,False,pre
vscode,2019Q2,326,0.7088715277777777,0.8343558282208589,0.8197704477303278,0.22085889570552147,0.4233128834355828,0.5613496932515337,0.401840490797546,0,368.62,10.8,5.08,2.33,60.0,Sustainable,False,pre
vscode,2019Q3,421,1.0446180555555555,0.7767220902612827,0.8564807825850669,0.1828978622327791,0.5225653206650831,0.4916864608076009,0.4346793349168646,0,368.62,13.94,7.48,2.08,60.0,Sustainable,False,pre
vscode,2019Q4,407,0.8,0.8255528255528255,0.9539358792711456,0.22113022113022113,0.5036855036855037,0.5061425061425061,0.36117936117936117,0,368.62,13.48,5.73,1.98,60.0,Sustainable,False,pre
vscode,2020Q1,333,0.9020254629629629,0.8468468468468469,0.49000028529856493,0.1891891891891892,0.46846846846846846,0.5105105105105106,0.43243243243243246,3,368.62,11.03,6.46,3.95,60.0,Sustainable,False,pre
vscode,2020Q2,432,0.9497800925925926,0.8495370370370371,0.5952153978846066,0.15046296296296297,0.44212962962962965,0.5509259259259259,0.3402777777777778,1,368.62,14.31,6.8,3.27,60.0,Sustainable,False,pre
vscode,2020Q3,361,0.8145254629629629,0.814404432132964,0.4284167794316644,0.19390581717451524,0.4792243767313019,0.4930747922437673,0.3850415512465374,10,368.62,11.96,5.83,4.35,60.0,Sustainable,False,pre
vscode,2020Q4,345,0.9832060185185185,0.7855072463768116,1.200653083438212,0.1565217391304348,0.45507246376811594,0.5101449275362319,0.43478260869565216,3,368.62,11.43,7.04,1.5,60.0,Sustainable,False,pre
vscode,2021Q1,506,0.7821180555555556,0.8320158102766798,1.3713765524416413,0.2015810276679842,0.3814229249011858,0.5948616600790514,0.35375494071146246,10,368.62,16.76,5.6,1.39,60.0,Sustainable,False,transition
vscode,2021Q2,539,0.6301736111111111,0.8868274582560297,0.5543123046319978,0.19666048237476808,0.2857142857142857,0.6196660482374768,0.3358070500927644,12,368.62,17.85,4.51,3.66,64.97,Sustainable,False,transition
vscode,2021Q3,441,0.7667476851851852,0.8208616780045351,0.4656789789383484,0.2199546485260771,0.35600907029478457,0.5895691609977324,0.3922902494331066,2,368.62,14.61,5.49,4.03,60.0,Sustainable,False,transition
vscode,2021Q4,397,0.707037037037037,0.8463476070528967,0.35920275290821607,0.2040302267002519,0.3198992443324937,0.6095717884130982,0.42317380352644834,0,368.62,13.15,5.06,5.39,72.5,High Performance,False,transition
vscode,2022Q1,557,0.47519675925925925,0.8725314183123878,0.5047158960202438,0.16696588868940754,0.24775583482944344,0.6750448833034112,0.38061041292639136,18,368.62,18.45,3.4,3.96,72.5,High Performance,False,transition
vscode,2022Q2,1480,0.04697916666666667,0.9567567567567568,0.5900509498795371,0.4783783783783784,0.19797297297297298,0.8858108108108108,0.04121621621621622,4,368.62,49.02,0.34,3.71,72.5,High Performance,False,transition
vscode,2022Q3,2038,0.05953125,0.9396467124631992,0.6215233105950518,0.4421000981354269,0.19381746810598627,0.9102060843964671,0.0004906771344455348,1,368.62,50.0,0.43,3.46,72.5,High Performance,False,transition
vscode,2022Q4,2204,0.029947916666666668,0.9351179673321234,0.602763644773358,0.5567150635208712,0.22413793103448276,0.8983666061705989,0.0013611615245009074,8,368.62,50.0,0.21,3.55,72.5,High Performance,False,ai
vscode,2023Q1,1994,0.03325231481481482,0.9488465396188566,0.739921523474783,0.5386158475426279,0.15095285857572718,0.9237713139418254,0.0010030090270812437,7,368.62,50.0,0.24,2.93,72.5,High Performance,False,ai
vscode,2023Q2,1919,0.04185185185185185,0.948931735278791,0.7189893190052284,0.4992183428869203,0.1422615945805107,0.9140177175612298,0.0010422094841063053,4,368.62,50.0,0.3,3.02,72.5,High Performance,False,ai
vscode,2023Q3,1878,0.04504629629629629,0.9435569755058573,0.49704781768548906,0.4898828541001065,0.11128860489882854,0.9094781682641108,0.0005324813631522897,10,368.62,50.0,0.32,4.34,72.5,High Performance,False,ai
vscode,2023Q4,1905,0.02903935185185185,0.9448818897637795,0.6538294971529393,0.5695538057742782,0.11601049868766404,0.8939632545931758,0.0005249343832020997,4,368.62,50.0,0.21,3.31,72.5,High Performance,False,ai
vscode,2024Q1,2003,0.02355324074074074,0.945082376435347,0.5245744565624922,0.5961058412381428,0.12880678981527707,0.9156265601597604,0.0004992511233150275,9,368.62,50.0,0.17,4.12,72.5,High Performance,False,ai
vscode,2024Q2,1777,0.022511574074074073,0.9622960045019696,0.28964815544177497,0.6122678671918964,0.10692177827799662,0.9347214406302757,0.0022509848058525606,9,368.62,50.0,0.16,7.6,88.33,Elite AI Maturity,False,ai
vscode,2024Q3,2169,0.023136574074074073,0.9621945597049332,0.5861566307896183,0.6127247579529738,0.11572153065929,0.9289995389580452,0.0018441678192715537,9,368.62,50.0,0.17,3.76,72.5,High Performance,False,ai
vscode,2024Q4,2096,0.018177083333333333,0.9723282442748091,0.2798064717194828,0.6479007633587787,0.0892175572519084,0.9541984732824428,0.0,3,368.62,50.0,0.13,7.95,88.33,Elite AI Maturity,False,ai
