project_id,number,created_at,merged_at,additions,deletions
django,18128,2024-05-03T20:16:34Z,2024-05-04T01:48:18Z,1,1
django,18349,2024-07-07T18:20:33Z,2024-09-05T21:25:05Z,25,0
kubernetes,127327,2024-09-12T16:38:58Z,2024-09-13T12:07:13Z,10,6
numpy,20004,2021-09-30T10:43:13Z,2021-10-01T08:51:27Z,3,3
numpy,23272,2023-02-24T07:17:10Z,2023-02-24T11:30:35Z,3,3
numpy,23278,2023-02-25T05:53:43Z,2023-02-25T17:22:41Z,2,2
numpy,23311,2023-03-02T05:09:18Z,2023-03-02T07:33:21Z,1,1
numpy,23322,2023-03-03T03:13:40Z,2023-03-26T05:43:14Z,153,96
numpy,23436,2023-03-23T11:39:43Z,2023-03-23T20:38:10Z,2,2
numpy,23445,2023-03-24T02:05:04Z,2023-03-24T02:58:40Z,2,2
numpy,23450,2023-03-25T06:51:46Z,2023-03-25T22:22:32Z,12,12
numpy,23451,2023-03-25T06:55:55Z,2023-03-25T22:23:44Z,4,0
numpy,23473,2023-03-27T23:34:29Z,2023-03-28T00:56:45Z,1,1
numpy,23474,2023-03-27T23:36:23Z,2023-03-28T00:51:44Z,1,1
numpy,23508,2023-03-31T10:14:06Z,2023-12-31T19:28:37Z,2,2
numpy,23509,2023-03-31T10:52:03Z,2023-04-01T01:05:07Z,97,97
numpy,23516,2023-04-02T08:28:10Z,2023-04-02T09:54:55Z,1,1
numpy,23519,2023-04-03T10:34:58Z,2023-04-06T22:52:57Z,1,1
numpy,23549,2023-04-07T03:21:44Z,2023-04-07T10:12:03Z,2,2
numpy,23553,2023-04-07T11:01:13Z,2023-04-07T11:33:28Z,1,1
numpy,23558,2023-04-07T23:36:44Z,2023-04-08T18:45:14Z,1,1
numpy,23560,2023-04-09T01:40:18Z,2023-04-09T03:28:49Z,1,1
numpy,23562,2023-04-09T12:06:27Z,2023-04-09T14:29:17Z,7,8
numpy,23565,2023-04-10T11:24:35Z,2023-04-10T14:30:13Z,6,2
numpy,23584,2023-04-14T02:29:57Z,2023-04-14T05:30:14Z,0,16
numpy,23587,2023-04-14T10:08:58Z,2023-04-14T20:37:34Z,7,7
numpy,23594,2023-04-15T03:40:22Z,2023-04-15T13:27:35Z,77,77
numpy,23623,2023-04-21T06:18:20Z,2023-04-21T10:27:49Z,1,1
numpy,23639,2023-04-22T03:49:43Z,2023-04-22T06:27:26Z,1,1
numpy,23640,2023-04-22T12:44:35Z,2023-04-23T00:09:48Z,1,1
numpy,23684,2023-04-29T03:41:45Z,2023-04-29T17:23:38Z,1,1
numpy,23727,2023-05-06T01:39:21Z,2023-05-14T20:33:36Z,13,15
numpy,23868,2023-06-03T04:03:53Z,2023-06-03T21:29:35Z,1,1
numpy,23914,2023-06-10T05:19:22Z,2023-06-11T07:26:16Z,1,1
numpy,23918,2023-06-12T08:00:02Z,2023-06-13T09:38:08Z,3,2
numpy,23927,2023-06-13T02:13:36Z,2023-06-13T08:30:01Z,2,2
numpy,23967,2023-06-17T03:57:36Z,2024-02-11T15:20:58Z,0,4
numpy,24027,2023-06-23T09:55:45Z,2023-06-23T12:29:51Z,1,1
numpy,24046,2023-06-26T06:05:22Z,2023-06-26T07:17:50Z,1,1
numpy,24047,2023-06-26T14:15:15Z,2023-06-26T15:02:12Z,1,1
numpy,24058,2023-06-27T08:47:20Z,2023-06-27T10:05:26Z,1,1
numpy,24075,2023-06-29T00:29:17Z,2023-06-29T06:10:23Z,1,1
numpy,24076,2023-06-29T03:01:33Z,2023-06-29T06:15:00Z,4,4
numpy,24135,2023-07-07T05:10:09Z,2023-07-08T09:37:06Z,2,3
numpy,24276,2023-07-28T07:13:36Z,2023-07-28T11:12:26Z,1,18
numpy,24287,2023-07-29T05:22:38Z,2023-07-29T20:15:53Z,13,12
numpy,24315,2023-08-02T06:23:51Z,2023-08-03T16:22:19Z,20,18
numpy,24332,2023-08-04T04:03:14Z,2023-08-04T06:43:19Z,65,113
numpy,24380,2023-08-10T00:35:25Z,2023-08-10T04:55:35Z,128,128
numpy,24393,2023-08-11T10:13:56Z,2023-08-21T06:05:47Z,84,81
numpy,24471,2023-08-21T00:51:34Z,2023-08-21T17:22:01Z,30,24
numpy,24485,2023-08-22T00:28:04Z,2023-08-22T14:03:59Z,28,27
numpy,24504,2023-08-23T06:30:59Z,2023-08-23T12:31:28Z,117,116
numpy,24547,2023-08-26T04:58:35Z,2023-08-26T19:37:25Z,2,20
numpy,24562,2023-08-28T00:43:04Z,2023-08-28T01:23:23Z,4,4
numpy,24618,2023-09-02T00:53:54Z,2023-09-02T15:37:20Z,16,20
numpy,24674,2023-09-09T01:18:32Z,2023-09-10T13:21:09Z,583,598
numpy,24702,2023-09-14T00:37:18Z,2023-09-14T05:47:27Z,2,2
numpy,24817,2023-09-27T02:31:00Z,2023-09-27T09:34:56Z,12,12
numpy,24825,2023-09-27T23:46:15Z,2023-09-28T00:35:06Z,5,4
numpy,24925,2023-10-14T01:18:57Z,2023-10-14T02:28:23Z,4,8
numpy,25641,2024-01-20T07:48:10Z,2024-01-20T16:02:12Z,2,2
numpy,25646,2024-01-21T00:58:06Z,2024-01-21T21:14:38Z,9,9
numpy,25699,2024-01-26T11:37:15Z,2024-01-27T20:27:36Z,31,32
numpy,25717,2024-01-29T13:14:30Z,2024-01-29T21:41:13Z,3,1
numpy,25727,2024-01-30T13:09:41Z,2024-01-30T21:11:49Z,4,2
numpy,25734,2024-01-31T14:24:57Z,2024-01-31T16:47:31Z,94,94
numpy,25740,2024-02-01T07:30:10Z,2024-02-01T07:57:58Z,4,4
numpy,25758,2024-02-03T23:23:14Z,2024-02-04T09:39:32Z,2,0
numpy,25776,2024-02-06T11:09:57Z,2024-02-06T17:44:08Z,1,0
numpy,25783,2024-02-07T14:14:00Z,2024-02-07T18:20:07Z,3,3
numpy,25801,2024-02-10T14:20:53Z,2024-02-10T17:39:01Z,2,2
numpy,25806,2024-02-12T02:42:39Z,2024-02-12T14:45:16Z,55,78
numpy,25830,2024-02-15T04:56:03Z,2024-02-15T05:44:06Z,1,1
numpy,25833,2024-02-15T22:19:03Z,2024-02-16T11:46:13Z,8,7
numpy,25842,2024-02-17T02:05:08Z,2024-02-17T14:49:08Z,21,21
numpy,25845,2024-02-18T08:05:59Z,2024-02-18T16:10:25Z,5,5
numpy,25851,2024-02-18T22:50:33Z,2024-02-20T02:05:57Z,17,2
numpy,25879,2024-02-24T08:27:17Z,2024-02-24T17:20:37Z,8,0
numpy,25915,2024-03-02T01:09:56Z,2024-03-03T16:46:52Z,6,2
numpy,25939,2024-03-05T13:17:18Z,2024-03-06T09:02:33Z,16,4
numpy,25947,2024-03-06T10:01:18Z,2024-03-06T11:55:42Z,4,0
numpy,25971,2024-03-09T01:19:48Z,2024-03-09T06:03:31Z,1,1
numpy,25972,2024-03-09T06:33:43Z,2024-03-09T13:54:14Z,5,3
numpy,26413,2024-05-10T12:07:18Z,2024-05-11T15:09:18Z,11,11
numpy,26795,2024-06-25T01:55:44Z,2024-06-29T20:45:41Z,13,3
numpy,26880,2024-07-06T13:17:45Z,2024-07-06T14:30:32Z,1,1
react,22763,2021-11-15T16:16:48Z,2021-11-15T17:31:35Z,2,2
rust,57809,2019-01-21T17:58:44Z,2019-01-22T16:14:42Z,23,0
rust,58080,2019-02-02T15:44:05Z,2019-03-09T08:17:49Z,54,0
rust,58805,2019-02-28T10:48:07Z,2019-03-31T20:27:38Z,198,42
rust,60337,2019-04-27T17:28:42Z,2019-05-06T16:43:48Z,39,60
rust,60934,2019-05-18T11:21:38Z,2019-05-19T04:50:06Z,36,58
rust,61173,2019-05-25T09:54:25Z,2019-05-26T08:58:31Z,1,25
rust,61458,2019-06-02T12:12:51Z,2019-06-02T17:26:40Z,1,1
rust,61646,2019-06-07T23:45:59Z,2019-06-09T02:08:15Z,15,15
rust,68562,2020-01-27T04:53:18Z,2020-01-27T15:15:29Z,5,5
rust,75106,2020-08-03T14:17:40Z,2020-08-04T03:48:31Z,1,0
rust,76883,2020-09-18T15:10:03Z,2020-09-20T17:18:51Z,13,13
rust,77328,2020-09-29T07:35:32Z,2020-09-30T23:04:25Z,1,1
rust,78861,2020-11-07T23:25:21Z,2020-11-08T16:14:29Z,9,10
rust,78890,2020-11-09T03:42:19Z,2020-11-11T04:00:42Z,1,1
rust,78897,2020-11-09T15:50:38Z,2020-11-11T04:00:40Z,2,2
rust,79333,2020-11-23T02:47:56Z,2020-11-23T19:01:20Z,2,2
rust,81412,2021-01-26T16:05:51Z,2021-01-26T22:43:49Z,3,1
rust,81546,2021-01-30T06:35:20Z,2021-02-18T22:38:39Z,35,1
rust,81666,2021-02-02T16:52:52Z,2021-02-13T16:45:56Z,18,14
rust,82287,2021-02-19T08:41:28Z,2021-02-22T12:14:34Z,29,26
rust,83013,2021-03-11T10:37:21Z,2021-03-12T03:03:53Z,7,2
rust,83081,2021-03-13T13:42:43Z,2021-03-14T06:35:24Z,30,1
rust,83144,2021-03-15T12:28:57Z,2021-03-15T18:06:00Z,25,13
rust,83391,2021-03-22T19:59:11Z,2021-03-24T04:13:27Z,34,2
rust,83405,2021-03-23T11:47:28Z,2021-03-24T04:13:27Z,13,4
rust,84301,2021-04-18T13:56:57Z,2021-04-22T07:47:10Z,8,0
rust,84551,2021-04-25T12:50:06Z,2021-04-26T22:40:45Z,16,8
rust,84624,2021-04-27T19:32:55Z,2021-04-28T10:46:11Z,1,1
rust,84692,2021-04-29T11:20:06Z,2021-04-30T01:54:29Z,11,2
rust,84740,2021-04-30T08:34:27Z,2021-05-01T12:20:52Z,35,20
rust,84753,2021-04-30T14:43:33Z,2021-04-30T22:21:09Z,1,1
rust,84900,2021-05-04T09:12:48Z,2021-05-04T20:50:52Z,1,1
rust,84903,2021-05-04T11:00:44Z,2021-05-05T20:07:29Z,0,5
rust,85072,2021-05-08T11:55:33Z,2021-05-08T14:29:08Z,1,1
rust,85087,2021-05-08T20:00:22Z,2021-05-17T21:56:30Z,18,11
rust,85302,2021-05-14T20:08:30Z,2021-05-17T21:56:30Z,1,1
rust,85334,2021-05-15T15:32:12Z,2021-05-23T05:40:06Z,3,0
rust,85538,2021-05-21T07:24:39Z,2021-06-20T22:52:53Z,5,9
rust,85546,2021-05-21T13:08:36Z,2021-05-28T11:31:03Z,168,94
rust,85557,2021-05-21T16:55:51Z,2021-05-22T14:16:11Z,26,19
rust,85798,2021-05-29T01:04:52Z,2021-05-29T11:48:21Z,1,1
rust,85806,2021-05-29T11:27:28Z,2021-06-04T19:29:54Z,17,4
rust,85817,2021-05-29T22:08:12Z,2021-05-30T22:47:53Z,1,1
rust,85951,2021-06-03T04:03:43Z,2021-06-08T09:45:25Z,1,2
rust,85958,2021-06-03T09:05:33Z,2021-06-03T13:10:10Z,1,1
rust,86139,2021-06-08T15:36:11Z,2021-06-08T21:15:18Z,1,1
rust,86323,2021-06-15T10:00:46Z,2021-06-15T19:37:38Z,1,1
rust,86495,2021-06-20T19:50:49Z,2021-06-21T22:24:15Z,9,6
rust,87412,2021-07-23T17:39:22Z,2021-07-23T23:17:40Z,1,1
rust,87787,2021-08-05T10:13:57Z,2021-08-06T21:22:28Z,2,1
rust,88032,2021-08-14T17:51:19Z,2021-08-16T12:30:46Z,19,17
rust,88691,2021-09-06T16:29:54Z,2021-09-08T20:42:46Z,18,0
rust,88692,2021-09-06T16:38:40Z,2021-09-06T23:58:19Z,26,3
rust,88823,2021-09-10T14:53:23Z,2021-09-10T19:04:08Z,1,1
rust,88985,2021-09-15T18:33:01Z,2021-09-16T22:17:42Z,3,3
rust,89081,2021-09-18T21:40:18Z,2021-09-19T13:44:16Z,2,2
rust,89216,2021-09-24T09:38:20Z,2021-09-26T05:15:18Z,26,25
rust,89963,2021-10-16T21:48:53Z,2021-10-17T22:29:31Z,100,100
rust,90232,2021-10-24T11:39:49Z,2021-10-27T09:19:43Z,61,35
rust,90239,2021-10-24T17:56:10Z,2021-10-27T21:38:02Z,1,1
rust,90480,2021-11-01T17:54:08Z,2021-11-18T23:29:55Z,4,1
rust,90861,2021-11-13T11:34:30Z,2021-11-17T20:19:10Z,54,1
rust,91044,2021-11-19T17:16:00Z,2021-11-20T04:12:10Z,20,20
rust,91284,2021-11-27T06:53:44Z,2021-12-06T06:58:50Z,38,8
rust,91554,2021-12-05T13:44:09Z,2021-12-06T03:51:10Z,2,3
rust,91597,2021-12-06T17:59:19Z,2021-12-15T03:29:01Z,57,1
rust,92050,2021-12-17T22:12:04Z,2021-12-18T21:17:04Z,2,2
rust,92108,2021-12-19T20:08:43Z,2021-12-20T18:04:21Z,1,1
rust,94105,2022-02-17T22:30:59Z,2022-02-19T08:24:27Z,4,2
rust,94982,2022-03-15T22:30:05Z,2022-03-18T03:01:53Z,36,0
rust,95107,2022-03-19T08:45:22Z,2022-03-22T11:38:02Z,3,3
rust,95280,2022-03-24T18:23:19Z,2022-03-25T16:45:17Z,19,19
rust,95478,2022-03-30T15:57:36Z,2022-03-31T15:21:08Z,15,0
rust,96616,2022-05-01T23:02:01Z,2022-05-05T05:08:36Z,2,2
rust,96619,2022-05-01T23:47:18Z,2022-05-05T05:08:36Z,8,2
rust,96689,2022-05-04T03:02:07Z,2022-05-08T13:33:00Z,4,4
rust,96802,2022-05-07T03:41:04Z,2022-05-09T04:47:27Z,1,0
rust,96948,2022-05-11T14:45:45Z,2022-05-13T05:56:04Z,6,0
rust,97086,2022-05-16T17:12:47Z,2022-06-06T13:29:00Z,64,16
rust,97131,2022-05-18T02:02:19Z,2022-05-19T03:59:16Z,1,1
rust,97169,2022-05-19T07:32:24Z,2022-05-20T01:05:54Z,25,28
rust,97323,2022-05-23T17:09:00Z,2022-05-25T08:36:55Z,116,26
rust,100723,2022-08-18T18:35:35Z,2022-08-20T10:21:40Z,52,0
rust,100744,2022-08-19T09:31:15Z,2022-08-27T03:19:24Z,129,22
rust,102259,2022-09-25T10:18:36Z,2022-09-25T16:53:04Z,1,0
rust,105550,2022-12-11T06:30:15Z,2022-12-23T19:46:42Z,141,114
rust,106123,2022-12-24T15:33:16Z,2022-12-25T01:44:30Z,1,1
rust,107879,2023-02-10T08:04:16Z,2023-03-02T08:44:32Z,35,10
rust,109180,2023-03-15T18:19:35Z,2023-03-16T13:46:50Z,21,21
rust,112166,2023-06-01T06:16:44Z,2023-06-03T01:59:12Z,7,7
vscode,71476,2019-03-30T03:49:37Z,2019-04-08T12:42:13Z,8,1
vscode,76647,2019-07-05T01:45:09Z,2019-07-17T23:01:47Z,20,3
vscode,77031,2019-07-10T00:11:01Z,2019-07-22T20:06:24Z,14,0
vscode,77479,2019-07-16T18:14:27Z,2019-07-17T20:28:49Z,24,17
vscode,77758,2019-07-22T13:48:55Z,2019-07-24T18:35:25Z,30,30
vscode,79775,2019-08-25T23:19:08Z,2019-11-26T18:54:10Z,11,16
vscode,80154,2019-08-31T16:52:38Z,2019-09-02T08:30:41Z,3,3
vscode,81572,2019-09-27T23:06:42Z,2019-09-30T00:06:56Z,4,4
vscode,90122,2020-02-06T07:26:43Z,2020-02-10T22:45:13Z,5,5
vscode,104193,2020-08-06T18:06:52Z,2020-08-11T03:46:15Z,5,1
vscode,111661,2020-12-01T18:45:30Z,2020-12-02T09:15:18Z,1,1
vscode,122969,2021-05-05T01:19:48Z,2021-07-19T14:35:51Z,108,11
vscode,129206,2021-07-23T01:12:00Z,2021-09-20T11:33:24Z,2,1
vscode,131271,2021-08-20T17:03:30Z,2021-08-23T12:05:01Z,3,3
vscode,131644,2021-08-25T13:18:18Z,2021-08-30T23:25:12Z,2,2
vscode,135729,2021-10-24T14:38:02Z,2021-11-29T10:32:15Z,6,6
vscode,139413,2021-12-17T21:52:10Z,2021-12-22T11:55:29Z,167,70
vscode,140079,2022-01-04T09:24:41Z,2022-02-03T15:30:59Z,44,14
vscode,143479,2022-02-20T03:11:36Z,2022-02-28T08:52:56Z,11,0
vscode,144781,2022-03-09T20:18:32Z,2022-03-17T19:55:31Z,30,3
vscode,161168,2022-09-17T09:57:16Z,2022-09-29T10:50:48Z,1,1
