project_id,quarter,dspd,ltbf,qd,n_prs,n_releases,median_cycle_days,churn_ratio,first_time_merge_rate
django,2019Q1,7.13,8.62,3.16,36,5,8.62,0.423,0.451
django,2019Q2,8.04,8.02,3.3,32,4,8.02,0.407,0.504
django,2019Q3,6.67,6.44,4.08,7,1,6.44,0.364,0.463
django,2019Q4,8.38,7.91,3.7,8,1,7.91,0.422,0.458
django,2020Q1,6.3,6.84,4.36,32,5,6.84,0.283,0.534
django,2020Q2,8.84,5.78,2.98,9,1,5.78,0.262,0.566
django,2020Q3,9.41,7.24,3.88,56,6,7.24,0.249,0.475
django,2020Q4,7.63,6.45,3.97,8,1,6.45,0.373,0.536
django,2021Q1,10.73,7.55,4.09,43,4,7.55,0.362,0.552
django,2021Q2,7.0,6.52,3.22,21,3,6.52,0.354,0.446
django,2021Q3,7.17,7.22,2.47,14,2,7.22,0.306,0.575
django,2021Q4,11.5,7.55,2.5,81,7,7.55,0.359,0.471
django,2022Q1,9.7,8.33,3.96,39,4,8.33,0.318,0.567
django,2022Q2,9.01,7.67,3.63,45,5,7.67,0.354,0.469
django,2022Q3,9.73,7.58,2.71,68,7,7.58,0.398,0.468
django,2022Q4,8.5,8.59,2.95,17,2,8.59,0.368,0.431
django,2023Q1,7.02,6.43,3.02,49,7,6.43,0.353,0.472
django,2023Q2,9.77,6.44,2.77,39,4,6.44,0.365,0.419
django,2023Q3,8.04,5.73,3.85,8,1,5.73,0.37,0.57
django,2023Q4,9.91,6.63,3.21,30,3,6.63,0.386,0.506
django,2024Q1,10.07,6.24,4.75,20,2,6.24,0.442,0.513
django,2024Q2,7.83,6.58,4.13,47,6,6.58,0.317,0.485
django,2024Q3,9.82,7.74,3.06,20,2,7.74,0.369,0.501
django,2024Q4,9.13,7.34,2.5,37,4,7.34,0.407,0.542
kubernetes,2019Q1,20.25,9.49,2.95,41,2,9.49,0.342,0.506
kubernetes,2019Q2,12.64,6.54,2.85,38,3,6.54,0.335,0.517
kubernetes,2019Q3,6.2,13.33,2.97,25,4,13.33,0.348,0.433
kubernetes,2019Q4,9.81,12.23,2.35,10,1,12.23,0.381,0.498
kubernetes,2020Q1,15.87,9.92,2.19,48,3,9.92,0.381,0.45
kubernetes,2020Q2,10.22,7.21,2.93,51,5,7.21,0.329,0.477
kubernetes,2020Q3,14.44,10.64,2.38,14,1,10.64,0.346,0.487
kubernetes,2020Q4,13.15,12.06,3.71,26,2,12.06,0.37,0.489
kubernetes,2021Q1,8.67,8.91,1.87,17,2,8.91,0.259,0.466
kubernetes,2021Q2,11.45,10.97,3.44,34,3,10.97,0.346,0.483
kubernetes,2021Q3,14.13,8.83,2.13,28,2,8.83,0.373,0.403
kubernetes,2021Q4,14.54,8.57,1.13,58,4,8.57,0.255,0.54
kubernetes,2022Q1,15.68,7.39,3.05,94,6,7.39,0.419,0.477
kubernetes,2022Q2,9.08,10.57,3.28,18,2,10.57,0.324,0.465
kubernetes,2022Q3,13.76,10.4,2.76,55,4,10.4,0.416,0.499
kubernetes,2022Q4,18.89,11.76,3.3,57,3,11.76,0.252,0.511
kubernetes,2023Q1,13.86,10.42,1.99,42,3,10.42,0.293,0.507
kubernetes,2023Q2,14.25,13.05,3.03,57,4,13.05,0.251,0.476
kubernetes,2023Q3,18.25,9.63,2.08,110,6,9.63,0.439,0.482
kubernetes,2023Q4,16.64,12.76,0.79,83,5,12.76,0.379,0.448
kubernetes,2024Q1,22.73,12.1,1.62,68,3,12.1,0.358,0.428
kubernetes,2024Q2,22.1,12.82,2.68,66,3,12.82,0.324,0.5
kubernetes,2024Q3,10.09,13.24,2.91,50,5,13.24,0.23,0.411
kubernetes,2024Q4,20.67,11.15,0.24,83,4,11.15,0.288,0.48
numpy,2019Q1,7.31,9.65,4.15,7,1,9.65,0.265,0.475
numpy,2019Q2,9.89,4.92,3.74,20,2,4.92,0.401,0.546
numpy,2019Q3,5.78,5.9,3.7,6,1,5.9,0.206,0.462
numpy,2019Q4,6.15,9.19,3.83,25,4,9.19,0.281,0.477
numpy,2020Q1,4.5,8.61,3.45,18,4,8.61,0.381,0.499
numpy,2020Q2,10.11,6.61,3.31,30,3,6.61,0.37,0.407
numpy,2020Q3,5.53,7.24,4.38,6,1,7.24,0.301,0.467
numpy,2020Q4,8.27,7.61,3.82,50,6,7.61,0.222,0.477
numpy,2021Q1,5.12,7.88,4.08,15,3,7.88,0.305,0.471
numpy,2021Q2,6.16,7.56,4.13,43,7,7.56,0.259,0.515
numpy,2021Q3,5.88,8.15,3.55,29,5,8.15,0.306,0.496
numpy,2021Q4,8.21,10.27,4.1,8,1,10.27,0.282,0.477
numpy,2022Q1,6.88,9.38,3.05,34,5,9.38,0.374,0.477
numpy,2022Q2,8.07,6.98,4.15,48,6,6.98,0.399,0.493
numpy,2022Q3,6.57,9.97,4.37,39,6,9.97,0.262,0.495
numpy,2022Q4,8.7,9.67,4.24,35,4,9.67,0.274,0.551
numpy,2023Q1,5.71,6.91,4.04,17,3,6.91,0.385,0.477
numpy,2023Q2,6.68,7.81,3.52,33,5,7.81,0.324,0.513
numpy,2023Q3,8.02,10.87,3.87,24,3,10.87,0.429,0.448
numpy,2023Q4,9.97,9.09,3.72,20,2,9.09,0.318,0.501
numpy,2024Q1,9.2,8.9,3.56,37,4,8.9,0.324,0.453
numpy,2024Q2,7.85,8.19,4.67,24,3,8.19,0.275,0.486
numpy,2024Q3,9.37,9.65,3.25,37,4,9.65,0.324,0.471
numpy,2024Q4,8.27,8.89,4.57,25,3,8.89,0.381,0.551
react,2019Q1,10.04,6.89,4.12,10,1,6.89,0.389,0.502
react,2019Q2,10.37,7.57,3.01,52,5,7.57,0.34,0.416
react,2019Q3,9.83,5.33,3.67,30,3,5.33,0.253,0.548
react,2019Q4,10.37,6.65,2.52,10,1,6.65,0.429,0.45
react,2020Q1,11.91,6.46,3.54,12,1,6.46,0.297,0.445
react,2020Q2,11.61,6.34,3.67,35,3,6.34,0.343,0.506
react,2020Q3,11.16,5.5,3.13,67,6,5.5,0.375,0.481
react,2020Q4,9.5,7.88,4.52,9,1,7.88,0.316,0.464
react,2021Q1,9.02,7.84,4.25,45,5,7.84,0.377,0.438
react,2021Q2,9.98,8.76,5.2,30,3,8.76,0.353,0.475
react,2021Q3,11.0,6.65,2.56,99,9,6.65,0.287,0.514
react,2021Q4,12.02,8.72,5.38,60,5,8.72,0.32,0.525
react,2022Q1,7.63,5.24,3.11,31,4,5.24,0.45,0.51
react,2022Q2,11.98,6.28,3.91,60,5,6.28,0.271,0.45
react,2022Q3,9.34,5.66,4.54,84,9,5.66,0.44,0.456
react,2022Q4,6.97,6.31,3.7,28,4,6.31,0.338,0.564
react,2023Q1,8.22,8.75,3.91,33,4,8.75,0.33,0.446
react,2023Q2,10.94,6.67,4.85,44,4,6.67,0.354,0.463
react,2023Q3,8.2,6.62,5.09,49,6,6.62,0.399,0.528
react,2023Q4,9.08,8.75,4.28,45,5,8.75,0.324,0.529
react,2024Q1,14.95,5.81,3.81,45,3,5.81,0.45,0.533
react,2024Q2,13.02,5.94,4.25,52,4,5.94,0.306,0.505
react,2024Q3,12.44,7.94,4.08,75,6,7.94,0.324,0.454
react,2024Q4,11.01,7.4,3.46,55,5,7.4,0.304,0.615
rust,2019Q1,13.35,4.93,4.71,67,5,4.93,0.329,0.477
rust,2019Q2,19.47,6.11,5.64,97,5,6.11,0.279,0.541
rust,2019Q3,15.59,5.85,4.16,94,6,5.85,0.326,0.457
rust,2019Q4,14.02,5.97,4.07,56,4,5.97,0.299,0.467
rust,2020Q1,12.79,5.88,4.45,26,2,5.88,0.326,0.503
rust,2020Q2,9.57,6.17,4.43,19,2,6.17,0.298,0.505
rust,2020Q3,9.07,5.09,6.51,9,1,5.09,0.284,0.503
rust,2020Q4,16.25,6.11,4.19,81,5,6.11,0.417,0.529
rust,2021Q1,9.17,7.05,4.04,9,1,7.05,0.353,0.457
rust,2021Q2,14.59,5.24,5.67,73,5,5.24,0.356,0.546
rust,2021Q3,12.61,6.46,4.81,25,2,6.46,0.283,0.509
rust,2021Q4,16.35,5.18,4.51,65,4,5.18,0.341,0.549
rust,2022Q1,12.59,6.71,3.72,13,1,6.71,0.303,0.473
rust,2022Q2,9.93,4.74,5.75,20,2,4.74,0.318,0.582
rust,2022Q3,14.76,8.43,4.93,44,3,8.43,0.315,0.449
rust,2022Q4,10.32,5.13,4.01,62,6,5.13,0.276,0.452
rust,2023Q1,16.48,4.17,5.61,49,3,4.17,0.267,0.503
rust,2023Q2,13.05,6.56,5.18,104,8,6.56,0.381,0.5
rust,2023Q3,14.17,5.19,4.91,43,3,5.19,0.381,0.458
rust,2023Q4,14.84,4.83,5.7,45,3,4.83,0.311,0.516
rust,2024Q1,13.12,4.31,4.84,26,2,4.31,0.28,0.466
rust,2024Q2,14.13,6.53,5.66,28,2,6.53,0.266,0.506
rust,2024Q3,17.03,4.33,6.13,17,1,4.33,0.238,0.519
rust,2024Q4,20.22,4.38,5.88,81,4,4.38,0.392,0.486
vscode,2019Q1,17.58,5.95,4.48,53,3,5.95,0.252,0.42
vscode,2019Q2,14.18,5.21,3.79,28,2,5.21,0.333,0.43
vscode,2019Q3,16.18,5.17,3.33,49,3,5.17,0.253,0.473
vscode,2019Q4,17.6,4.65,4.5,53,3,4.65,0.276,0.462
vscode,2020Q1,11.86,8.57,4.21,36,3,8.57,0.385,0.481
vscode,2020Q2,18.88,5.18,4.32,57,3,5.18,0.31,0.476
vscode,2020Q3,18.64,4.83,3.7,19,1,4.83,0.339,0.484
vscode,2020Q4,18.16,4.42,4.86,18,1,4.42,0.316,0.476
vscode,2021Q1,20.24,4.41,4.12,61,3,4.41,0.349,0.492
vscode,2021Q2,15.73,4.41,3.98,31,2,4.41,0.308,0.496
vscode,2021Q3,21.19,6.07,4.6,127,6,6.07,0.327,0.541
vscode,2021Q4,18.9,4.77,5.13,132,7,4.77,0.255,0.562
vscode,2022Q1,18.34,3.11,4.94,37,2,3.11,0.31,0.478
vscode,2022Q2,17.0,5.04,4.45,51,3,5.04,0.275,0.534
vscode,2022Q3,19.56,4.4,3.83,98,5,4.4,0.385,0.474
vscode,2022Q4,17.95,4.04,5.57,90,5,4.04,0.407,0.551
vscode,2023Q1,18.34,5.01,4.81,92,5,5.01,0.388,0.511
vscode,2023Q2,25.73,5.46,3.91,154,6,5.46,0.401,0.492
vscode,2023Q3,21.95,4.43,5.88,88,4,4.43,0.266,0.493
vscode,2023Q4,30.11,4.52,6.64,151,5,4.52,0.324,0.494
vscode,2024Q1,20.04,3.53,5.41,20,1,3.53,0.297,0.487
vscode,2024Q2,21.92,4.44,5.99,88,4,4.44,0.241,0.501
vscode,2024Q3,28.37,1.96,4.34,113,4,1.96,0.381,0.436
vscode,2024Q4,28.79,2.74,7.25,144,5,2.74,0.192,0.484
