project_id,quarter,dspd,ltbf,qd,n_prs,n_bot_prs,pre_ai_mean_prs,median_cycle_days,first_time_merge_rate,churn_ratio,share_under_1h,share_from_fork,share_self_merged,share_no_review,phs,linguistic_state,rules_fired,n_rules_fired
django,2019Q1,11.76,6.22,3.51,239,0,247.5,0.8613310185185186,0.7824267782426778,0.5117758054371375,0.0669456066945606,0.99581589958159,0.2594142259414226,0.4184100418410041,60.0,Sustainable,R5,1
django,2019Q2,10.93,11.06,3.3,222,0,247.5,1.531903935185185,0.7207207207207207,0.501528384279476,0.1171171171171171,0.990990990990991,0.1801801801801801,0.3333333333333333,50.0,Sustainable,NONE,0
django,2019Q3,9.79,10.72,4.0,199,0,247.5,1.484849537037037,0.7939698492462312,0.4562679229823843,0.0753768844221105,1.0,0.1909547738693467,0.3015075376884422,50.0,Sustainable,NONE,0
django,2019Q4,13.39,10.46,2.9,272,0,247.5,1.448443287037037,0.7757352941176471,0.6154131331386996,0.0955882352941176,0.9816176470588236,0.150735294117647,0.2683823529411764,50.0,Sustainable,NONE,0
django,2020Q1,12.84,6.98,2.03,261,0,247.5,0.9661111111111113,0.7969348659003831,0.902886431076342,0.0919540229885057,0.992337164750958,0.2528735632183908,0.2950191570881226,60.0,Sustainable,R5,1
django,2020Q2,16.44,10.7,3.65,334,0,247.5,1.4820543981481482,0.7874251497005988,0.4965665416859754,0.0628742514970059,0.997005988023952,0.2035928143712574,0.2365269461077844,35.0,At Risk,R10,1
django,2020Q3,11.42,7.02,7.71,232,0,247.5,0.9718460648148148,0.7844827586206896,0.2339138848572811,0.0818965517241379,1.0,0.2327586206896551,0.271551724137931,72.5,High Performance,R11,1
django,2020Q4,10.88,7.65,4.13,221,0,247.5,1.0597106481481482,0.8099547511312217,0.4510984721757555,0.0452488687782805,0.990950226244344,0.1900452488687782,0.2171945701357466,60.0,Sustainable,R5,1
django,2021Q1,12.55,6.58,3.19,255,0,247.5,0.9110763888888888,0.7764705882352941,0.5604138851802403,0.0549019607843137,0.992156862745098,0.2156862745098039,0.2431372549019607,60.0,Sustainable,R5,1
django,2021Q2,11.12,6.83,3.43,226,0,247.5,0.9466666666666668,0.8053097345132744,0.5394596370206126,0.0707964601769911,0.991150442477876,0.2566371681415929,0.2831858407079646,60.0,Sustainable,R5,1
django,2021Q3,11.42,11.07,3.86,232,0,247.5,1.5328240740740742,0.7586206896551724,0.4513726635514019,0.0517241379310344,0.9913793103448276,0.2327586206896551,0.168103448275862,50.0,Sustainable,NONE,0
django,2021Q4,11.02,7.32,3.65,224,0,247.5,1.0138831018518517,0.8214285714285714,0.5169099506578947,0.0714285714285714,1.0,0.2723214285714285,0.2410714285714285,60.0,Sustainable,R5,1
django,2022Q1,11.07,6.55,2.75,225,0,247.5,0.9071412037037035,0.7866666666666666,0.6573704408397562,0.0488888888888888,0.9955555555555556,0.2977777777777777,0.2533333333333333,60.0,Sustainable,R5,1
django,2022Q2,9.06,7.31,5.09,184,0,247.5,1.012945601851852,0.8315217391304348,0.3755936803334302,0.0489130434782608,0.9891304347826086,0.3206521739130434,0.2065217391304347,72.5,High Performance,R11,1
django,2022Q3,9.65,6.01,4.67,196,0,247.5,0.8321122685185185,0.8469387755102041,0.4164872346970163,0.1224489795918367,1.0,0.3316326530612244,0.2551020408163265,55.15,Sustainable,"R5,R9,R11",3
django,2022Q4,9.1,6.6,3.46,185,0,247.5,0.9137037037037036,0.7351351351351352,0.4888526926600834,0.0972972972972973,1.0,0.3621621621621622,0.1675675675675675,49.87,Sustainable,"R5,R9",2
django,2023Q1,9.74,4.94,2.48,198,0,247.5,0.6839409722222223,0.8181818181818182,0.7588316558121176,0.1161616161616161,1.0,0.3282828282828283,0.1565656565656565,56.18,Sustainable,"R5,R7,R9",3
django,2023Q2,9.1,5.26,5.14,185,0,247.5,0.728761574074074,0.8540540540540541,0.3821018685383667,0.081081081081081,1.0,0.3405405405405405,0.1189189189189189,72.5,High Performance,R11,1
django,2023Q3,9.01,5.3,2.65,183,0,247.5,0.7334259259259259,0.8032786885245902,0.6976677224301756,0.1202185792349726,1.0,0.366120218579235,0.1147540983606557,48.87,Sustainable,"R5,R9",2
django,2023Q4,10.09,4.29,6.57,205,0,247.5,0.5948263888888888,0.8439024390243902,0.2954374602440294,0.048780487804878,1.0,0.2926829268292683,0.1756097560975609,72.5,High Performance,R11,1
django,2024Q1,11.07,6.71,4.44,225,0,247.5,0.9288541666666666,0.7955555555555556,0.4117161034454267,0.0577777777777777,1.0,0.2622222222222222,0.1555555555555555,60.0,Sustainable,R5,1
django,2024Q2,7.33,12.77,4.21,149,0,247.5,1.7681828703703704,0.697986577181208,0.3812580231065468,0.046979865771812,1.0,0.2080536912751678,0.0402684563758389,50.0,Sustainable,NONE,0
django,2024Q3,8.66,24.16,3.36,176,0,247.5,3.346267361111111,0.6306818181818182,0.4314928425357873,0.0284090909090909,1.0,0.2159090909090909,0.0511363636363636,50.0,Sustainable,NONE,0
django,2024Q4,9.94,25.39,6.09,202,0,247.5,3.517141203703704,0.6237623762376238,0.23533433611377,0.0247524752475247,1.0,0.1138613861386138,0.0346534653465346,50.0,Sustainable,NONE,0
kubernetes,2019Q1,14.1,30.0,1.01,1650,0,1425.5,4.341915509259259,0.6054545454545455,1.3743469895421834,0.0,0.9981818181818182,0.0,0.3490909090909091,34.25,At Risk,"R3,R6",2
kubernetes,2019Q2,14.73,30.0,0.65,1724,0,1425.5,4.258246527777778,0.6194895591647331,2.180631815987497,0.0,0.9988399071925754,0.0005800464037122,0.3161252900232018,29.09,At Risk,"R3,R6",2
kubernetes,2019Q3,14.66,30.0,3.08,1716,1,1425.5,4.24146412037037,0.5944055944055944,0.4434774240626302,0.0,0.9994172494172494,0.0,0.2983682983682983,35.0,At Risk,R10,1
kubernetes,2019Q4,13.33,26.28,1.91,1560,0,1425.5,3.6393229166666665,0.6346153846153846,0.7620501986359566,0.0,1.0,0.0,0.3205128205128205,50.0,Sustainable,NONE,0
kubernetes,2020Q1,11.71,26.13,4.78,1371,0,1425.5,3.618564814814815,0.6192560175054704,0.297792568173757,0.0,0.99927060539752,0.0,0.3574033552151714,50.0,Sustainable,NONE,0
kubernetes,2020Q2,11.06,30.0,1.54,1295,0,1425.5,5.126585648148148,0.5845559845559846,0.8718226820179098,0.0007722007722007,0.9969111969111968,0.0,0.3104247104247104,50.0,Sustainable,NONE,0
kubernetes,2020Q3,9.31,30.0,1.77,1090,0,1425.5,7.363640046296297,0.4807339449541284,0.6245575085428986,0.0027522935779816,1.0,0.0,0.2972477064220183,50.0,Sustainable,NONE,0
kubernetes,2020Q4,8.53,30.0,2.32,998,0,1425.5,6.9305208333333335,0.5020040080160321,0.4965457944945614,0.0100200400801603,1.0,0.0,0.2464929859719438,50.0,Sustainable,NONE,0
kubernetes,2021Q1,12.14,30.0,1.62,1421,0,1425.5,5.6618865740740745,0.5503166783954961,0.7805210095367617,0.0091484869809992,1.0,0.0,0.2498240675580577,50.0,Sustainable,NONE,0
kubernetes,2021Q2,10.96,30.0,1.29,1283,0,1425.5,7.012650462962963,0.4988308651597817,0.8901812029975813,0.0015588464536243,1.0,0.0,0.2899454403741232,35.0,At Risk,R6,1
kubernetes,2021Q3,7.87,30.0,1.75,921,0,1425.5,6.307696759259259,0.5200868621064061,0.684433508077458,0.001085776330076,1.0,0.0,0.255157437567861,50.0,Sustainable,NONE,0
kubernetes,2021Q4,7.3,30.0,1.86,854,0,1425.5,6.588987268518519,0.5187353629976581,0.6401191490560324,0.0035128805620608,1.0,0.0,0.2412177985948477,50.0,Sustainable,NONE,0
kubernetes,2022Q1,8.73,30.0,1.58,1022,0,1425.5,7.240081018518518,0.49706457925636,0.7214508500296974,0.0,1.0,0.0,0.2583170254403131,50.0,Sustainable,NONE,0
kubernetes,2022Q2,5.71,30.0,1.19,668,0,1425.5,6.684508101851852,0.5074850299401198,0.9782517601072218,0.0014970059880239,1.0,0.0,0.2904191616766467,10.92,Critical Risk,R8,1
kubernetes,2022Q3,7.5,30.0,0.98,878,0,1425.5,5.293234953703704,0.5626423690205011,1.3250062240789882,0.0011389521640091,1.0,0.0022779043280182,0.2995444191343963,10.74,Critical Risk,R8,1
kubernetes,2022Q4,7.7,30.0,2.6,901,0,1425.5,5.167777777777777,0.5493895671476138,0.4858763378105117,0.0,1.0,0.0,0.2885682574916759,50.0,Sustainable,NONE,0
kubernetes,2023Q1,9.39,30.0,1.01,1099,0,1425.5,5.096331018518518,0.554140127388535,1.2643887545160588,0.0009099181073703,1.0,0.0,0.2902638762511374,29.39,At Risk,"R6,R8",2
kubernetes,2023Q2,7.68,30.0,2.15,899,0,1425.5,6.179224537037037,0.5272525027808677,0.5642602810293827,0.0133481646273637,1.0,0.0,0.2602892102335928,50.0,Sustainable,NONE,0
kubernetes,2023Q3,7.66,30.0,2.85,897,0,1425.5,6.601041666666666,0.5094760312151616,0.4116612279212836,0.0066889632107023,1.0,0.0,0.1984392419175027,50.0,Sustainable,NONE,0
kubernetes,2023Q4,6.54,30.0,1.85,766,0,1425.5,8.221261574074074,0.4765013054830287,0.5924478416587375,0.0,0.9986945169712794,0.0,0.2114882506527415,50.0,Sustainable,NONE,0
kubernetes,2024Q1,6.05,30.0,0.57,708,0,1425.5,4.387766203703704,0.5677966101694916,2.3058154955164687,0.0056497175141242,1.0,0.0,0.2655367231638418,9.84,Critical Risk,R8,1
kubernetes,2024Q2,6.73,30.0,0.35,788,0,1425.5,6.085162037037037,0.5177664974619289,3.4133040066270737,0.0,1.0,0.0,0.2525380710659898,10.25,Critical Risk,R8,1
kubernetes,2024Q3,7.39,30.0,1.56,865,0,1425.5,4.367118055555555,0.5757225433526012,0.8510291939266758,0.0011560693641618,1.0,0.0,0.2092485549132948,50.0,Sustainable,NONE,0
kubernetes,2024Q4,6.47,30.0,0.99,757,0,1425.5,6.75244212962963,0.5085865257595773,1.1821170282708744,0.0,1.0,0.0,0.2153236459709379,10.09,Critical Risk,R8,1
numpy,2019Q1,10.44,4.85,3.72,260,0,303.38,0.6715914351851852,0.7961538461538461,0.4917200854700854,0.05,1.0,0.2538461538461538,0.5038461538461538,60.0,Sustainable,"R5,R7",2
numpy,2019Q2,12.08,8.34,3.39,301,0,303.38,1.1555787037037035,0.7441860465116279,0.5052865734765056,0.0830564784053156,1.0,0.1528239202657807,0.3787375415282392,60.0,Sustainable,R5,1
numpy,2019Q3,14.09,4.14,4.41,351,2,303.38,0.5733101851851852,0.8062678062678063,0.4200581395348837,0.0626780626780626,0.9971509971509972,0.2564102564102564,0.5954415954415955,60.4,Sustainable,"R2,R4,R5,R7",4
numpy,2019Q4,8.87,5.89,3.04,221,10,303.38,0.81625,0.7828054298642534,0.5924241439802482,0.0769230769230769,0.995475113122172,0.2217194570135746,0.4751131221719457,47.28,At Risk,"R5,R9",2
numpy,2020Q1,11.64,6.74,2.59,290,8,303.38,0.9334375,0.8103448275862069,0.7189962579793088,0.0724137931034482,1.0,0.1103448275862069,0.3310344827586207,60.0,Sustainable,R5,1
numpy,2020Q2,13.93,6.04,7.09,347,17,303.38,0.8370833333333333,0.7867435158501441,0.2551557542543986,0.0720461095100864,0.9971181556195964,0.1729106628242075,0.3832853025936599,72.5,High Performance,R11,1
numpy,2020Q3,12.0,6.43,1.9,299,17,303.38,0.890011574074074,0.7625418060200669,0.9226494577395358,0.0735785953177257,1.0,0.1505016722408027,0.3411371237458194,60.0,Sustainable,R5,1
numpy,2020Q4,14.37,4.46,5.94,358,19,303.38,0.6180902777777777,0.7932960893854749,0.3068937411522457,0.0893854748603352,1.0,0.1955307262569832,0.4581005586592179,76.69,High Performance,"R1,R11",2
numpy,2021Q1,11.84,4.25,4.96,295,27,303.38,0.5889699074074074,0.8203389830508474,0.3801863131494088,0.0813559322033898,0.9932203389830508,0.1898305084745762,0.5220338983050847,69.91,High Performance,"R5,R7,R11",3
numpy,2021Q2,12.85,3.22,4.82,320,21,303.38,0.445630787037037,0.89375,0.4258652657601978,0.109375,0.99375,0.209375,0.53125,60.0,Sustainable,R7,1
numpy,2021Q3,11.52,4.62,8.84,287,21,303.38,0.6394560185185185,0.8466898954703833,0.2202145214521452,0.0940766550522648,0.9930313588850174,0.1533101045296167,0.5609756097560976,72.5,High Performance,R11,1
numpy,2021Q4,14.09,3.26,4.16,351,8,303.38,0.4515856481481481,0.8319088319088319,0.45997920997921,0.037037037037037,0.9971509971509972,0.2393162393162393,0.5584045584045584,60.3,Sustainable,"R2,R7",2
numpy,2022Q1,11.96,2.87,4.83,298,0,303.38,0.3970775462962963,0.8422818791946308,0.4005728765010466,0.0704697986577181,1.0,0.2449664429530201,0.5604026845637584,60.0,Sustainable,R7,1
numpy,2022Q2,12.21,3.98,4.88,304,0,303.38,0.5506539351851851,0.7894736842105263,0.3718609496655335,0.0526315789473684,0.9967105263157896,0.2401315789473684,0.5657894736842105,60.0,Sustainable,R7,1
numpy,2022Q3,8.27,5.04,3.67,206,0,303.38,0.6985185185185185,0.7961165048543689,0.4987850108709554,0.0728155339805825,0.9951456310679612,0.2087378640776699,0.5097087378640777,39.43,At Risk,"R5,R9",2
numpy,2022Q4,11.72,2.82,5.05,292,0,303.38,0.3903240740740741,0.8767123287671232,0.3990543215306795,0.0684931506849315,1.0,0.2808219178082192,0.6061643835616438,50.0,Sustainable,NONE,0
numpy,2023Q1,10.16,3.62,2.48,253,16,303.38,0.5009143518518518,0.8063241106719368,0.7468508216637892,0.075098814229249,0.9960474308300395,0.1343873517786561,0.4426877470355731,60.0,Sustainable,R7,1
numpy,2023Q2,10.88,3.21,2.38,271,25,303.38,0.4440277777777778,0.7933579335793358,0.7648299955034416,0.044280442804428,1.0,0.2214022140221402,0.5239852398523985,60.0,Sustainable,R7,1
numpy,2023Q3,14.45,2.23,2.04,360,19,303.38,0.3087905092592592,0.8638888888888889,0.9749020511638626,0.0972222222222222,1.0,0.2777777777777778,0.5583333333333333,61.46,Sustainable,"R2,R7",2
numpy,2023Q4,14.13,7.18,2.65,352,19,303.38,0.9940567129629628,0.7670454545454546,0.6655853072433917,0.0795454545454545,1.0,0.2244318181818181,0.4630681818181818,60.0,Sustainable,"R4,R5",2
numpy,2024Q1,13.77,3.24,2.5,343,23,303.38,0.4480902777777777,0.8192419825072886,0.7537456129734963,0.1049562682215743,0.9941690962099126,0.2536443148688047,0.4285714285714285,60.0,Sustainable,R7,1
numpy,2024Q2,11.88,3.28,4.15,296,20,303.38,0.4547280092592592,0.8513513513513513,0.4720967741935484,0.081081081081081,1.0,0.304054054054054,0.5506756756756757,60.0,Sustainable,R7,1
numpy,2024Q3,14.37,4.82,3.59,358,31,303.38,0.667042824074074,0.7821229050279329,0.5015128279520868,0.0865921787709497,1.0,0.2541899441340782,0.5698324022346368,61.54,Sustainable,"R2,R4,R5,R7",4
numpy,2024Q4,11.4,2.12,3.97,284,33,303.38,0.2929918981481482,0.8697183098591549,0.5038058991436727,0.1126760563380281,1.0,0.3169014084507042,0.5845070422535211,60.0,Sustainable,R7,1
react,2019Q1,9.78,2.38,3.25,196,0,244.0,0.3291319444444445,0.8775510204081632,0.6204049286773352,0.2806122448979591,0.9693877551020408,0.7704081632653061,0.1326530612244898,60.0,Sustainable,R7,1
react,2019Q2,14.33,1.67,4.0,287,0,244.0,0.231412037037037,0.902439024390244,0.5186099745858943,0.2787456445993031,0.9790940766550522,0.8466898954703833,0.0766550522648083,61.04,Sustainable,"R2,R7",2
react,2019Q3,15.03,1.48,7.85,301,0,244.0,0.205,0.9136212624584718,0.2677068026622871,0.3189368770764119,0.9767441860465116,0.8006644518272426,0.0564784053156146,85.63,Elite AI Maturity,R1,1
react,2019Q4,9.14,1.1,3.97,183,5,244.0,0.1523263888888889,0.918032786885246,0.5321239008159708,0.3551912568306011,0.9836065573770492,0.8469945355191257,0.087431693989071,60.0,Sustainable,R7,1
react,2020Q1,14.38,1.77,2.59,288,0,244.0,0.2446875,0.8680555555555556,0.7718528152603913,0.3263888888888889,0.9791666666666666,0.7986111111111112,0.09375,61.21,Sustainable,"R2,R7",2
react,2020Q2,14.38,1.45,4.89,288,4,244.0,0.201417824074074,0.8715277777777778,0.4096752151352736,0.3298611111111111,0.9513888888888888,0.7847222222222222,0.1319444444444444,73.66,High Performance,"R1,R2,R7",3
react,2020Q3,12.68,2.25,2.35,254,0,244.0,0.3111689814814815,0.8818897637795275,0.8616211809464653,0.2992125984251969,0.9803149606299212,0.6968503937007874,0.0905511811023622,60.0,Sustainable,R7,1
react,2020Q4,7.74,1.48,6.03,155,0,244.0,0.2047569444444444,0.9032258064516128,0.344061080506427,0.3161290322580645,0.9806451612903224,0.7612903225806451,0.1419354838709677,50.0,Sustainable,NONE,0
react,2021Q1,10.63,3.22,2.97,213,0,244.0,0.4456365740740741,0.8873239436619719,0.686626248216833,0.2629107981220657,0.9812206572769951,0.8685446009389671,0.0892018779342723,60.0,Sustainable,R7,1
react,2021Q2,10.58,1.03,2.79,212,2,244.0,0.1431134259259259,0.8820754716981132,0.7272074533291303,0.3773584905660377,0.9952830188679244,0.8632075471698113,0.2452830188679245,60.0,Sustainable,R7,1
react,2021Q3,12.58,1.09,4.44,252,1,244.0,0.1505324074074074,0.8690476190476191,0.4495888145061872,0.3492063492063492,0.984126984126984,0.746031746031746,0.1785714285714285,60.0,Sustainable,R7,1
react,2021Q4,7.34,3.34,5.42,147,0,244.0,0.462337962962963,0.8367346938775511,0.3545737506484523,0.3265306122448979,1.0,0.6870748299319728,0.1632653061224489,50.0,Sustainable,NONE,0
react,2022Q1,7.39,0.83,2.68,148,0,244.0,0.1153761574074074,0.8783783783783784,0.752473776483523,0.3310810810810811,0.9662162162162162,0.8378378378378378,0.1891891891891892,50.0,Sustainable,NONE,0
react,2022Q2,8.99,1.25,5.2,180,0,244.0,0.1733854166666666,0.9,0.3979626485568761,0.2388888888888889,0.9888888888888888,0.8611111111111112,0.1111111111111111,50.0,Sustainable,NONE,0
react,2022Q3,7.44,5.57,3.28,149,15,244.0,0.7720949074074074,0.8523489932885906,0.5964791067875304,0.1812080536912751,0.906040268456376,0.785234899328859,0.1409395973154362,35.0,At Risk,R9,1
react,2022Q4,8.04,5.16,0.07,161,20,244.0,0.7148958333333333,0.8322981366459627,26.049497177464577,0.2484472049689441,0.7701863354037267,0.8819875776397516,0.1055900621118012,50.0,Sustainable,NONE,0
react,2023Q1,12.58,1.68,1.75,252,0,244.0,0.2333680555555555,0.8809523809523809,1.1579239572326594,0.2857142857142857,0.9484126984126984,0.8293650793650794,0.123015873015873,60.0,Sustainable,R7,1
react,2023Q2,8.84,4.25,2.86,177,0,244.0,0.5884027777777778,0.864406779661017,0.6960207439912237,0.2824858757062147,0.9491525423728814,0.903954802259887,0.1468926553672316,52.75,Sustainable,"R5,R7,R9",3
react,2023Q3,6.29,4.66,3.85,126,0,244.0,0.645324074074074,0.8412698412698413,0.5021771231683768,0.246031746031746,0.9603174603174603,0.9206349206349206,0.1428571428571428,35.0,At Risk,R9,1
react,2023Q4,6.19,3.27,3.51,124,17,244.0,0.4523379629629629,0.8467741935483871,0.5549093397194663,0.3225806451612903,0.9274193548387096,0.8467741935483871,0.0887096774193548,50.0,Sustainable,NONE,0
react,2024Q1,21.71,6.63,2.54,435,10,244.0,0.9177314814814816,0.871264367816092,0.7870405758328556,0.1586206896551724,0.8574712643678161,0.9172413793103448,0.0436781609195402,60.0,Sustainable,R4,1
react,2024Q2,23.61,5.35,10.0,473,10,244.0,0.7409027777777778,0.9069767441860463,0.0775448442303456,0.2177589852008456,0.7357293868921776,0.8964059196617337,0.0993657505285412,50.0,Sustainable,NONE,0
react,2024Q3,26.01,5.08,3.59,521,5,244.0,0.7031828703703704,0.9155470249520152,0.5860674676524954,0.1976967370441458,0.5527831094049904,0.9539347408829176,0.145873320537428,60.0,Sustainable,R4,1
react,2024Q4,15.37,2.59,3.62,308,2,244.0,0.3594155092592592,0.8831168831168831,0.5615780508136711,0.2922077922077922,0.6753246753246753,0.8928571428571429,0.1753246753246753,66.53,Sustainable,"R2,R7",2
rust,2019Q1,10.03,24.29,1.9,1130,0,1371.88,3.363582175925926,0.6761061946902654,0.8161067324711865,0.0,0.9946902654867256,0.0,0.5610619469026549,50.0,Sustainable,NONE,0
rust,2019Q2,10.25,12.79,2.39,1155,0,1371.88,1.772037037037037,0.7844155844155845,0.7555728792487632,0.0,0.993939393939394,0.0043290043290043,0.5619047619047619,50.0,Sustainable,NONE,0
rust,2019Q3,11.22,13.25,2.46,1264,0,1371.88,1.8347569444444445,0.7610759493670886,0.7097932722327689,0.0,0.9920886075949368,0.0,0.5569620253164557,50.0,Sustainable,NONE,0
rust,2019Q4,12.0,15.94,2.04,1352,0,1371.88,2.208096064814815,0.757396449704142,0.8532035413338537,0.0,0.9948224852071006,0.0,0.4815088757396449,50.0,Sustainable,NONE,0
rust,2020Q1,12.32,12.74,2.61,1388,0,1371.88,1.764809027777778,0.7507204610951008,0.6617246478325162,0.0007204610951008,0.9978386167146974,0.0,0.5446685878962536,50.0,Sustainable,NONE,0
rust,2020Q2,13.5,14.06,5.05,1521,0,1371.88,1.946851851851852,0.7534516765285996,0.3429702574145878,0.0,0.99474030243261,0.0,0.5430637738330046,50.0,Sustainable,NONE,0
rust,2020Q3,14.84,15.82,2.96,1672,0,1371.88,2.191770833333333,0.7559808612440191,0.5873307183046095,0.0,0.9922248803827752,0.0,0.458133971291866,35.0,At Risk,R10,1
rust,2020Q4,13.26,16.26,2.79,1493,0,1371.88,2.2518402777777777,0.725385130609511,0.5986283275430415,0.0,0.9946416610850636,0.0,0.4842598794373744,50.0,Sustainable,NONE,0
rust,2021Q1,13.34,18.25,2.66,1502,0,1371.88,2.5271469907407407,0.6844207723035952,0.5914279920740232,0.0,0.9953395472703064,0.0,0.4973368841544607,50.0,Sustainable,NONE,0
rust,2021Q2,11.55,14.59,2.67,1301,0,1371.88,2.020613425925926,0.7194465795541891,0.6190474301873173,0.0,0.9923136049192928,0.0,0.5065334358186011,50.0,Sustainable,NONE,0
rust,2021Q3,11.48,20.73,3.29,1293,0,1371.88,2.8706944444444447,0.6921887084300077,0.4841112854545697,0.0,0.9961330239752514,0.0,0.4787316318638824,50.0,Sustainable,NONE,0
rust,2021Q4,12.3,16.2,3.57,1385,0,1371.88,2.244050925925926,0.7241877256317689,0.4665939388877869,0.0,0.9963898916967509,0.0,0.5227436823104693,50.0,Sustainable,NONE,0
rust,2022Q1,13.33,16.76,2.78,1501,0,1371.88,2.3215856481481483,0.6908727514990006,0.5715398720719015,0.0,0.9960026648900732,0.0,0.5369753497668222,50.0,Sustainable,NONE,0
rust,2022Q2,14.46,12.67,2.71,1629,0,1371.88,1.7549074074074074,0.7384898710865562,0.6261770644087035,0.0,0.9969306322897484,0.0,0.5156537753222836,35.0,At Risk,R10,1
rust,2022Q3,17.14,13.7,6.06,1930,0,1371.88,1.897685185185185,0.7455958549222798,0.282705805646537,0.0,0.9932642487046632,0.0020725388601036,0.499481865284974,50.0,Sustainable,NONE,0
rust,2022Q4,17.54,12.17,2.91,1976,2,1371.88,1.685625,0.7494939271255061,0.5912398283557456,0.0,0.9984817813765182,0.0,0.5217611336032388,35.0,At Risk,R10,1
rust,2023Q1,16.19,13.76,3.19,1824,7,1371.88,1.905734953703704,0.7308114035087719,0.525905081898362,0.0,0.9983552631578948,0.0,0.4791666666666667,35.0,At Risk,R10,1
rust,2023Q2,15.44,12.69,2.96,1739,4,1371.88,1.7574305555555556,0.7257044278320874,0.5639261265429999,0.0,0.9994249568717654,0.0,0.4761357101782634,35.0,At Risk,R10,1
rust,2023Q3,14.87,10.56,2.94,1675,5,1371.88,1.462025462962963,0.7379104477611941,0.5771020322396662,0.0,1.0,0.0005970149253731,0.4722388059701493,35.0,At Risk,R10,1
rust,2023Q4,15.03,10.17,2.91,1693,6,1371.88,1.408032407407407,0.7395156526875369,0.5835050661171217,0.0,0.9988186650915536,0.0,0.4701712935617247,35.0,At Risk,R10,1
rust,2024Q1,18.61,12.56,3.11,2096,10,1371.88,1.739519675925926,0.7342557251908397,0.5435162575981356,0.0,1.0,0.0,0.4551526717557252,35.0,At Risk,R10,1
rust,2024Q2,18.62,9.18,3.21,2097,11,1371.88,1.271226851851852,0.7706247019551741,0.551522301701912,0.0,1.0,0.0,0.4444444444444444,57.39,Sustainable,"R4,R10",2
rust,2024Q3,17.7,11.4,2.73,1994,7,1371.88,1.5790914351851852,0.7452357071213641,0.6283314164673953,0.0,1.0,0.0,0.4312938816449348,35.0,At Risk,R10,1
rust,2024Q4,18.14,8.21,3.38,2043,8,1371.88,1.1375925925925925,0.7865883504650024,0.5350295669698496,0.0,1.0,0.0,0.425354870288791,60.0,Sustainable,R4,1
vscode,2019Q1,10.77,6.5,2.69,324,0,366.5,0.9002314814814815,0.7623456790123457,0.6517841499737196,0.2160493827160493,0.5,0.4783950617283951,0.4475308641975308,60.0,Sustainable,R5,1
vscode,2019Q2,10.83,5.12,2.34,326,0,366.5,0.7088715277777777,0.8343558282208589,0.8197704477303278,0.2208588957055214,0.4233128834355828,0.5613496932515337,0.401840490797546,60.0,Sustainable,R5,1
vscode,2019Q3,13.99,7.54,2.08,421,0,366.5,1.0446180555555555,0.7767220902612827,0.8564807825850669,0.1828978622327791,0.5225653206650831,0.4916864608076009,0.4346793349168646,60.0,Sustainable,R5,1
vscode,2019Q4,13.53,5.78,1.99,407,0,366.5,0.8,0.8255528255528255,0.9539358792711456,0.2211302211302211,0.5036855036855037,0.5061425061425061,0.3611793611793611,60.0,Sustainable,R5,1
vscode,2020Q1,10.97,6.52,3.97,330,3,366.5,0.9025520833333334,0.8454545454545455,0.4899202465366452,0.1878787878787878,0.4727272727272727,0.5151515151515151,0.4272727272727272,60.0,Sustainable,R5,1
vscode,2020Q2,14.32,6.87,3.28,431,1,366.5,0.9513425925925926,0.8491879350348028,0.5951694549746895,0.1508120649651972,0.4431554524361949,0.5522041763341067,0.3387470997679814,60.0,Sustainable,"R4,R5",2
vscode,2020Q3,11.66,6.12,4.36,351,10,366.5,0.8480092592592593,0.8091168091168092,0.4264238667183262,0.1994301994301994,0.4928774928774929,0.5071225071225072,0.3675213675213675,60.0,Sustainable,R5,1
vscode,2020Q4,11.37,6.91,1.5,342,3,366.5,0.9564236111111112,0.783625730994152,1.2005648756252765,0.1578947368421052,0.4590643274853801,0.5146198830409356,0.4298245614035088,60.0,Sustainable,R5,1
vscode,2021Q1,16.48,5.82,1.39,496,10,366.5,0.8063136574074075,0.8286290322580645,1.371458929655651,0.1955645161290322,0.3891129032258064,0.6068548387096774,0.3407258064516129,60.0,Sustainable,R4,1
vscode,2021Q2,17.51,4.59,3.67,527,12,366.5,0.6353240740740741,0.8842504743833017,0.5537867738607662,0.1992409867172675,0.2922201138519924,0.6337760910815939,0.3206831119544592,63.95,Sustainable,"R2,R4",2
vscode,2021Q3,14.59,5.55,4.05,439,2,366.5,0.7682407407407408,0.8200455580865603,0.4656066756878665,0.2209567198177676,0.357630979498861,0.592255125284738,0.3895216400911162,60.0,Sustainable,"R4,R5",2
vscode,2021Q4,13.19,5.1,5.42,397,0,366.5,0.707037037037037,0.8463476070528967,0.359202752908216,0.2040302267002519,0.3198992443324937,0.6095717884130982,0.4231738035264483,72.5,High Performance,R11,1
vscode,2022Q1,17.91,3.16,3.99,539,18,366.5,0.437974537037037,0.87569573283859,0.5044940194971308,0.1725417439703154,0.2560296846011132,0.6975881261595547,0.3617810760667903,72.5,High Performance,R2,1
vscode,2022Q2,49.05,0.34,3.73,1476,4,366.5,0.0468171296296296,0.956639566395664,0.5899829130739677,0.4796747967479675,0.1978319783197832,0.8882113821138211,0.0413279132791327,72.5,High Performance,R2,1
vscode,2022Q3,50.0,0.43,3.48,2037,1,366.5,0.0594560185185185,0.9396170839469808,0.6213816916141335,0.4423171330387825,0.1939126165930289,0.9106529209621992,0.0004909180166912,72.5,High Performance,R2,1
vscode,2022Q4,50.0,0.21,3.57,2196,8,366.5,0.0294560185185185,0.9353369763205828,0.6026197085357391,0.5587431693989071,0.2249544626593806,0.9016393442622952,0.0013661202185792,72.5,High Performance,R2,1
vscode,2023Q1,50.0,0.24,2.95,1987,7,366.5,0.0326388888888888,0.9501761449421238,0.7401362916246599,0.5405133366884751,0.151484650226472,0.9270256668344238,0.0010065425264217,72.5,High Performance,R2,1
vscode,2023Q2,50.0,0.3,3.03,1915,4,366.5,0.0418518518518518,0.9488250652741514,0.7189226719125177,0.4992167101827676,0.1425587467362924,0.9159268929503916,0.0010443864229765,72.5,High Performance,R2,1
vscode,2023Q3,50.0,0.32,4.37,1868,10,366.5,0.0446238425925926,0.9448608137044968,0.4969457447624894,0.4914346895074946,0.1118843683083511,0.9143468950749464,0.0005353319057815,72.5,High Performance,R2,1
vscode,2023Q4,50.0,0.21,3.32,1901,4,366.5,0.0289930555555555,0.9452919516044188,0.6542167126983107,0.5702261967385587,0.1162546028406102,0.8958442924776433,0.0005260389268805,72.5,High Performance,R2,1
vscode,2024Q1,50.0,0.17,4.15,1994,9,366.5,0.0234259259259259,0.946840521564694,0.5244805389720841,0.5987963891675026,0.1293881644934804,0.9197592778335004,0.0005015045135406,72.5,High Performance,R2,1
vscode,2024Q2,50.0,0.16,7.66,1768,9,366.5,0.0221238425925925,0.9632352941176472,0.2891659513389528,0.6153846153846154,0.1074660633484163,0.9394796380090498,0.002262443438914,88.33,Elite AI Maturity,R1,1
vscode,2024Q3,50.0,0.17,3.77,2160,9,366.5,0.0228703703703703,0.962037037037037,0.5860004396684383,0.6152777777777778,0.1162037037037037,0.9328703703703703,0.0018518518518518,72.5,High Performance,R2,1
vscode,2024Q4,50.0,0.13,7.99,2093,3,366.5,0.0181597222222222,0.972766364070712,0.2797175154127422,0.6488294314381271,0.0893454371715241,0.9555661729574771,0.0,88.33,Elite AI Maturity,R1,1
