project,month,reported,retrieved,windows
vscode,2019-01,104,104,1
vscode,2019-02,108,108,1
vscode,2019-03,112,112,1
vscode,2019-04,90,90,1
vscode,2019-05,118,118,1
vscode,2019-06,118,118,1
vscode,2019-07,162,162,1
vscode,2019-08,144,144,1
vscode,2019-09,115,115,1
vscode,2019-10,154,154,1
vscode,2019-11,164,164,1
vscode,2019-12,89,89,1
vscode,2020-01,83,83,1
vscode,2020-02,145,145,1
vscode,2020-03,105,105,1
vscode,2020-04,157,157,1
vscode,2020-05,131,131,1
vscode,2020-06,144,144,1
vscode,2020-07,133,133,1
vscode,2020-08,121,121,1
vscode,2020-09,107,107,1
vscode,2020-10,98,98,1
vscode,2020-11,148,148,1
vscode,2020-12,99,99,1
vscode,2021-01,138,138,1
vscode,2021-02,159,159,1
vscode,2021-03,209,209,1
vscode,2021-04,157,157,1
vscode,2021-05,191,191,1
vscode,2021-06,191,191,1
vscode,2021-07,155,155,1
vscode,2021-08,156,156,1
vscode,2021-09,130,130,1
vscode,2021-10,127,127,1
vscode,2021-11,144,144,1
vscode,2021-12,126,126,1
vscode,2022-01,140,140,1
vscode,2022-02,167,167,1
vscode,2022-03,250,250,1
vscode,2022-04,143,143,1
vscode,2022-05,520,520,1
vscode,2022-06,817,817,1
vscode,2022-07,649,649,1
vscode,2022-08,701,701,1
vscode,2022-09,688,688,1
vscode,2022-10,710,710,1
vscode,2022-11,740,740,1
vscode,2022-12,754,754,1
vscode,2023-01,648,648,1
vscode,2023-02,558,558,1
vscode,2023-03,788,788,1
vscode,2023-04,562,562,1
vscode,2023-05,653,653,1
vscode,2023-06,704,704,1
vscode,2023-07,618,618,1
vscode,2023-08,607,607,1
vscode,2023-09,653,653,1
vscode,2023-10,697,697,1
vscode,2023-11,693,693,1
vscode,2023-12,515,515,1
vscode,2024-01,644,644,1
vscode,2024-02,661,661,1
vscode,2024-03,698,698,1
vscode,2024-04,617,617,1
vscode,2024-05,604,604,1
vscode,2024-06,556,556,1
vscode,2024-07,648,648,1
vscode,2024-08,645,645,1
vscode,2024-09,876,876,1
vscode,2024-10,763,763,1
vscode,2024-11,666,666,1
vscode,2024-12,667,667,1
react,2019-01,64,64,1
react,2019-02,59,59,1
react,2019-03,73,73,1
react,2019-04,111,111,1
react,2019-05,85,85,1
react,2019-06,91,91,1
react,2019-07,80,80,1
react,2019-08,99,99,1
react,2019-09,122,122,1
react,2019-10,72,72,1
react,2019-11,52,52,1
react,2019-12,64,64,1
react,2020-01,69,69,1
react,2020-02,99,99,1
react,2020-03,120,120,1
react,2020-04,152,152,1
react,2020-05,112,112,1
react,2020-06,28,28,1
react,2020-07,117,117,1
react,2020-08,78,78,1
react,2020-09,59,59,1
react,2020-10,55,55,1
react,2020-11,48,48,1
react,2020-12,52,52,1
react,2021-01,48,48,1
react,2021-02,71,71,1
react,2021-03,94,94,1
react,2021-04,101,101,1
react,2021-05,45,45,1
react,2021-06,68,68,1
react,2021-07,69,69,1
react,2021-08,69,69,1
react,2021-09,115,115,1
react,2021-10,56,56,1
react,2021-11,56,56,1
react,2021-12,35,35,1
react,2022-01,26,26,1
react,2022-02,54,54,1
react,2022-03,68,68,1
react,2022-04,67,67,1
react,2022-05,51,51,1
react,2022-06,62,62,1
react,2022-07,34,34,1
react,2022-08,37,37,1
react,2022-09,93,93,1
react,2022-10,95,95,1
react,2022-11,37,37,1
react,2022-12,49,49,1
react,2023-01,37,37,1
react,2023-02,69,69,1
react,2023-03,146,146,1
react,2023-04,89,89,1
react,2023-05,48,48,1
react,2023-06,40,40,1
react,2023-07,18,18,1
react,2023-08,47,47,1
react,2023-09,61,61,1
react,2023-10,62,62,1
react,2023-11,46,46,1
react,2023-12,33,33,1
react,2024-01,106,106,1
react,2024-02,202,202,1
react,2024-03,137,137,1
react,2024-04,160,160,1
react,2024-05,159,159,1
react,2024-06,164,164,1
react,2024-07,218,218,1
react,2024-08,170,170,1
react,2024-09,138,138,1
react,2024-10,106,106,1
react,2024-11,88,88,1
react,2024-12,116,116,1
kubernetes,2019-01,514,514,1
kubernetes,2019-02,610,610,1
kubernetes,2019-03,526,526,1
kubernetes,2019-04,655,655,1
kubernetes,2019-05,628,628,1
kubernetes,2019-06,441,441,1
kubernetes,2019-07,534,534,1
kubernetes,2019-08,742,742,1
kubernetes,2019-09,441,441,1
kubernetes,2019-10,580,580,1
kubernetes,2019-11,545,545,1
kubernetes,2019-12,435,435,1
kubernetes,2020-01,465,465,1
kubernetes,2020-02,465,465,1
kubernetes,2020-03,441,441,1
kubernetes,2020-04,432,432,1
kubernetes,2020-05,409,409,1
kubernetes,2020-06,454,454,1
kubernetes,2020-07,335,335,1
kubernetes,2020-08,313,313,1
kubernetes,2020-09,442,442,1
kubernetes,2020-10,359,359,1
kubernetes,2020-11,401,401,1
kubernetes,2020-12,238,238,1
kubernetes,2021-01,443,443,1
kubernetes,2021-02,426,426,1
kubernetes,2021-03,552,552,1
kubernetes,2021-04,455,455,1
kubernetes,2021-05,389,389,1
kubernetes,2021-06,439,439,1
kubernetes,2021-07,281,281,1
kubernetes,2021-08,356,356,1
kubernetes,2021-09,284,284,1
kubernetes,2021-10,315,315,1
kubernetes,2021-11,335,335,1
kubernetes,2021-12,204,204,1
kubernetes,2022-01,371,371,1
kubernetes,2022-02,236,236,1
kubernetes,2022-03,415,415,1
kubernetes,2022-04,80,80,1
kubernetes,2022-05,327,327,1
kubernetes,2022-06,261,261,1
kubernetes,2022-07,300,300,1
kubernetes,2022-08,262,262,1
kubernetes,2022-09,316,316,1
kubernetes,2022-10,297,297,1
kubernetes,2022-11,292,292,1
kubernetes,2022-12,312,312,1
kubernetes,2023-01,360,360,1
kubernetes,2023-02,274,274,1
kubernetes,2023-03,465,465,1
kubernetes,2023-04,259,259,1
kubernetes,2023-05,391,391,1
kubernetes,2023-06,249,249,1
kubernetes,2023-07,328,328,1
kubernetes,2023-08,254,254,1
kubernetes,2023-09,315,315,1
kubernetes,2023-10,462,462,1
kubernetes,2023-11,105,105,1
kubernetes,2023-12,199,199,1
kubernetes,2024-01,240,240,1
kubernetes,2024-02,250,250,1
kubernetes,2024-03,218,218,1
kubernetes,2024-04,246,246,1
kubernetes,2024-05,264,264,1
kubernetes,2024-06,278,278,1
kubernetes,2024-07,345,345,1
kubernetes,2024-08,186,186,1
kubernetes,2024-09,334,334,1
kubernetes,2024-10,388,388,1
kubernetes,2024-11,223,223,1
kubernetes,2024-12,146,146,1
django,2019-01,86,86,1
django,2019-02,81,81,1
django,2019-03,72,72,1
django,2019-04,79,79,1
django,2019-05,84,84,1
django,2019-06,59,59,1
django,2019-07,63,63,1
django,2019-08,76,76,1
django,2019-09,60,60,1
django,2019-10,94,94,1
django,2019-11,103,103,1
django,2019-12,75,75,1
django,2020-01,96,96,1
django,2020-02,69,69,1
django,2020-03,96,96,1
django,2020-04,115,115,1
django,2020-05,116,116,1
django,2020-06,103,103,1
django,2020-07,91,91,1
django,2020-08,67,67,1
django,2020-09,74,74,1
django,2020-10,89,89,1
django,2020-11,74,74,1
django,2020-12,58,58,1
django,2021-01,79,79,1
django,2021-02,74,74,1
django,2021-03,102,102,1
django,2021-04,80,80,1
django,2021-05,72,72,1
django,2021-06,74,74,1
django,2021-07,94,94,1
django,2021-08,56,56,1
django,2021-09,82,82,1
django,2021-10,72,72,1
django,2021-11,75,75,1
django,2021-12,77,77,1
django,2022-01,81,81,1
django,2022-02,68,68,1
django,2022-03,76,76,1
django,2022-04,63,63,1
django,2022-05,68,68,1
django,2022-06,53,53,1
django,2022-07,48,48,1
django,2022-08,74,74,1
django,2022-09,74,74,1
django,2022-10,63,63,1
django,2022-11,69,69,1
django,2022-12,53,53,1
django,2023-01,68,68,1
django,2023-02,61,61,1
django,2023-03,69,69,1
django,2023-04,58,58,1
django,2023-05,54,54,1
django,2023-06,73,73,1
django,2023-07,58,58,1
django,2023-08,54,54,1
django,2023-09,71,71,1
django,2023-10,65,65,1
django,2023-11,70,70,1
django,2023-12,70,70,1
django,2024-01,78,78,1
django,2024-02,80,80,1
django,2024-03,67,67,1
django,2024-04,41,41,1
django,2024-05,64,64,1
django,2024-06,44,44,1
django,2024-07,62,62,1
django,2024-08,63,63,1
django,2024-09,51,51,1
django,2024-10,78,78,1
django,2024-11,68,68,1
django,2024-12,56,56,1
numpy,2019-01,128,128,1
numpy,2019-02,54,54,1
numpy,2019-03,78,78,1
numpy,2019-04,94,94,1
numpy,2019-05,108,108,1
numpy,2019-06,99,99,1
numpy,2019-07,141,141,1
numpy,2019-08,88,88,1
numpy,2019-09,124,124,1
numpy,2019-10,82,82,1
numpy,2019-11,69,69,1
numpy,2019-12,80,80,1
numpy,2020-01,155,155,1
numpy,2020-02,58,58,1
numpy,2020-03,85,85,1
numpy,2020-04,86,86,1
numpy,2020-05,157,157,1
numpy,2020-06,121,121,1
numpy,2020-07,128,128,1
numpy,2020-08,76,76,1
numpy,2020-09,112,112,1
numpy,2020-10,149,149,1
numpy,2020-11,97,97,1
numpy,2020-12,131,131,1
numpy,2021-01,90,90,1
numpy,2021-02,129,129,1
numpy,2021-03,103,103,1
numpy,2021-04,79,79,1
numpy,2021-05,140,140,1
numpy,2021-06,122,122,1
numpy,2021-07,101,101,1
numpy,2021-08,95,95,1
numpy,2021-09,112,112,1
numpy,2021-10,115,115,1
numpy,2021-11,139,139,1
numpy,2021-12,105,105,1
numpy,2022-01,139,139,1
numpy,2022-02,94,94,1
numpy,2022-03,65,65,1
numpy,2022-04,51,51,1
numpy,2022-05,116,116,1
numpy,2022-06,137,137,1
numpy,2022-07,76,76,1
numpy,2022-08,52,52,1
numpy,2022-09,78,78,1
numpy,2022-10,83,83,1
numpy,2022-11,94,94,1
numpy,2022-12,115,115,1
numpy,2023-01,105,105,1
numpy,2023-02,79,79,1
numpy,2023-03,85,85,1
numpy,2023-04,89,89,1
numpy,2023-05,92,92,1
numpy,2023-06,115,115,1
numpy,2023-07,125,125,1
numpy,2023-08,142,142,1
numpy,2023-09,112,112,1
numpy,2023-10,95,95,1
numpy,2023-11,142,142,1
numpy,2023-12,134,134,1
numpy,2024-01,123,123,1
numpy,2024-02,99,99,1
numpy,2024-03,144,144,1
numpy,2024-04,97,97,1
numpy,2024-05,114,114,1
numpy,2024-06,105,105,1
numpy,2024-07,148,148,1
numpy,2024-08,151,151,1
numpy,2024-09,90,90,1
numpy,2024-10,96,96,1
numpy,2024-11,107,107,1
numpy,2024-12,114,114,1
rust,2019-01,382,382,1
rust,2019-02,376,376,1
rust,2019-03,372,372,1
rust,2019-04,359,359,1
rust,2019-05,426,426,1
rust,2019-06,370,370,1
rust,2019-07,445,445,1
rust,2019-08,408,408,1
rust,2019-09,411,411,1
rust,2019-10,511,511,1
rust,2019-11,430,430,1
rust,2019-12,411,411,1
rust,2020-01,438,438,1
rust,2020-02,411,411,1
rust,2020-03,539,539,1
rust,2020-04,530,530,1
rust,2020-05,522,522,1
rust,2020-06,469,469,1
rust,2020-07,505,505,1
rust,2020-08,578,578,1
rust,2020-09,589,589,1
rust,2020-10,598,598,1
rust,2020-11,484,484,1
rust,2020-12,411,411,1
rust,2021-01,487,487,1
rust,2021-02,508,508,1
rust,2021-03,507,507,1
rust,2021-04,431,431,1
rust,2021-05,446,446,1
rust,2021-06,424,424,1
rust,2021-07,487,487,1
rust,2021-08,422,422,1
rust,2021-09,384,384,1
rust,2021-10,551,551,1
rust,2021-11,378,378,1
rust,2021-12,456,456,1
rust,2022-01,502,502,1
rust,2022-02,474,474,1
rust,2022-03,525,525,1
rust,2022-04,504,504,1
rust,2022-05,535,535,1
rust,2022-06,590,590,1
rust,2022-07,625,625,1
rust,2022-08,654,654,1
rust,2022-09,651,651,1
rust,2022-10,656,656,1
rust,2022-11,681,681,1
rust,2022-12,641,641,1
rust,2023-01,650,650,1
rust,2023-02,538,538,1
rust,2023-03,643,643,1
rust,2023-04,614,614,1
rust,2023-05,578,578,1
rust,2023-06,551,551,1
rust,2023-07,569,569,1
rust,2023-08,596,596,1
rust,2023-09,515,515,1
rust,2023-10,623,623,1
rust,2023-11,534,534,1
rust,2023-12,542,542,1
rust,2024-01,612,612,1
rust,2024-02,641,641,1
rust,2024-03,853,853,1
rust,2024-04,718,718,1
rust,2024-05,661,661,1
rust,2024-06,729,729,1
rust,2024-07,728,728,1
rust,2024-08,642,642,1
rust,2024-09,631,631,1
rust,2024-10,719,719,1
rust,2024-11,670,670,1
rust,2024-12,662,662,1
